iso3,agricultural_drought_absolute,agricultural_drought_relative,air_pollution_absolute,air_pollution_relative,coastal_flood_absolute,coastal_flood_relative,drought_spei_absolute,drought_spei_relative,drought_spi_absolute,drought_spi_relative,extreme_heat_absolute,extreme_heat_relative,fire_FRP_absolute,fire_FRP_relative,fire_frequency_absolute,fire_frequency_relative,heatwave_duration_absolute,heatwave_duration_relative,heatwave_frequency_absolute,heatwave_frequency_relative,heatwave_severity_absolute,heatwave_severity_relative,river_flood_absolute,river_flood_relative,sand_dust_absolute,sand_dust_relative,tropical_storm_absolute,tropical_storm_relative,vectorborne_malariapf_absolute,vectorborne_malariapf_relative,vectorborne_malariapv_absolute,vectorborne_malariapv_relative
RWA,7.995526026706976,7.53098097491611,8.199746439003256,9.969105727663843,1.0,1.0,1.0,1.0,1.0,1.0,1.0,1.0,6.963901833525253,1.5193115956942624,2.7138492497046913,1.0,8.243117927348695,10.0,8.389939756827822,10.0,1.0,1.0,4.442563710972237,1.0,2.0885623088229175,1.0,1.0,1.0,8.060866464196831,8.229616415244267,1.0,1.0
ASM,1.0,1.0,1.0,1.0,1.0,1.0,4.267718458777872,9.99723376134133,4.267718458777872,9.99723376134133,,,1.0,1.0,1.0,1.0,1.0,1.0,1.0,1.0,1.0,1.0,1.0,1.0,1.0,1.0,4.267916713703064,10.0,1.0,1.0,1.0,1.0
AGO,8.025273898790944,3.142288190269512,8.939636007420125,9.997792187170612,4.850377491629095,1.0,8.847017592087502,8.793265252579062,8.852639935091997,8.861605012446118,7.712312949543568,2.2903859658736305,8.57025007966434,2.669155403188904,8.976104305923275,10.0,8.890313791885692,8.774710639350893,8.998241141057179,8.18587225815149,1.0,1.0,7.1110801229824325,1.6603854946527643,8.205649658280938,2.004265170896031,1.0,1.0,8.92274681311358,9.765187949376072,1.0,1.0
ATA,1.0,1.0,,,1.0,1.0,1.0,1.0,1.0,1.0,,,,,1.0,1.0,,,,,,,1.0,1.0,1.0,1.0,1.0,1.0,1.0,1.0,1.0,1.0
BLZ,1.0,1.0,5.5487585185961175,8.264214479051807,3.2560189870712755,1.4307022444919097,1.0,1.0,1.0,1.0,4.7864465287113385,3.1914395200473167,4.529528338635889,2.585995061549326,4.229695549759004,2.6961930714907374,5.557819305811085,8.076564733505958,5.650208712642048,8.076564733505958,1.0,1.0,4.517089166165812,3.4226711148704125,1.501369571186426,1.0,5.686784530606488,10.0,3.5812224710967833,1.2679296095231685,3.5812224710967833,1.2679624204117033
BEL,6.690788839359582,3.3901691563830316,7.536739119971292,10.0,6.041993006426275,3.184319469893284,7.386365879480692,8.126120531138218,6.776792628465131,3.740328530129593,1.0,1.0,6.023034504761498,1.402629381886137,5.623644531004586,1.4919833676100571,3.2151935022029265,1.0,7.503220782423025,7.607650469623929,7.5189114621242865,8.082441240576522,5.638631048934849,1.626671357371607,2.0119074230582386,1.0,1.0,1.0,1.0,1.0,1.0,1.0
UMI,1.0,1.0,1.0,1.0,1.0,1.0,1.0,1.0,1.0,1.0,,,,,,,1.0,1.0,1.0,1.0,1.0,1.0,1.0,1.0,1.0,1.0,1.0,1.0,1.0,1.0,1.0,1.0
BTN,4.199938122204587,1.512928018357116,5.966469395362658,10.0,1.0,1.0,5.850527878252134,8.517834870727304,5.176579572503032,3.613137060075456,1.0,1.0,5.370921753592325,4.2127181041490935,4.3637271330700615,2.261096048671539,3.4441386182488323,1.0943567738124977,3.8255591580633355,1.2134726168440535,2.4734441015150623,1.0,3.9283377087091966,1.521821215161103,1.0,1.0,1.0,1.0,3.8201755595799805,1.2461800464295816,3.820734326071382,1.2464994875580266
ATF,1.0,1.0,1.0,1.0,1.0,1.0,1.0,1.0,1.0,1.0,1.0,1.0,,,,,1.0,1.0,1.0,1.0,1.0,1.0,1.0,1.0,1.0,1.0,1.0,1.0,1.0,1.0,1.0,1.0
AZE,7.297430970232279,6.185757851944097,7.582137800992516,9.078003268125208,1.0,1.0,7.498316905261158,8.091723297823307,7.45136323399691,7.5922406519855254,6.798755488218028,3.3632875736402843,6.50911378307845,1.784841640121527,4.706866671992026,1.0,6.699507207260211,2.9142780178871175,7.288377090079763,4.979955966491246,6.746143637983321,2.791805111901204,6.020136139306729,2.0155442259250287,6.403318284645801,1.623461005317874,1.0,1.0,1.0,1.0,1.0,1.0
xSI,1.0,1.0,,,1.0,1.0,1.0,1.0,1.0,1.0,,,,,,,1.0,1.0,1.0,1.0,1.0,1.0,1.0,1.0,1.0,1.0,1.0,1.0,1.0,1.0,1.0,1.0
ZWE,8.089620165640918,6.958707837852574,8.354852627065476,9.998790206485793,1.0,1.0,8.085559693710788,6.921117517236337,8.064862258283984,6.7331075034831755,7.338583062649608,2.819104569454726,8.203024171625469,3.763437431811974,7.938388101583745,6.258978235377725,8.051141366715392,6.2715822554312854,8.343382922263546,7.61373007354544,4.7149657513069965,1.0,5.26485252513686,1.0,5.9319009595404335,1.0,5.460382554471847,1.0159724733332383,8.352163609414752,9.961347126300716,1.0,1.0
FRA,7.95066642775164,3.859094359969529,8.676427908868764,9.897100174019311,6.375635999219644,1.0,7.772522724206162,3.153283142142245,7.190505674992744,1.8275264657907728,4.2093424357334674,1.0,7.696894918985911,1.6769049895037909,6.2106275532141035,1.0,8.057034132682988,4.174993806009331,8.684108872049913,7.646277155985809,7.763336762994465,2.6888988917257777,7.094341136398199,2.0357986629660285,3.979176122567367,1.0,7.212152483365999,1.85855795188154,1.0,1.0,1.0,1.0
SGS,1.0,1.0,1.0,1.0,1.0,1.0,1.0,1.0,1.0,1.0,1.0,1.0,,,,,1.0,1.0,1.0,1.0,1.0,1.0,1.0,1.0,1.0,1.0,1.0,1.0,1.0,1.0,1.0,1.0
IOT,1.0,1.0,1.0,1.0,1.0,1.0,1.0,1.0,1.0,1.0,,,,,,,1.0,1.0,1.0,1.0,1.0,1.0,1.0,1.0,1.0,1.0,1.0,1.0,1.0,1.0,1.0,1.0
SUR,5.427755046449501,5.087653151656584,5.933809702005243,9.995591225324121,1.4353768801816176,1.0,5.916341653467228,9.755179417750472,3.6550368613246818,1.1840162373368042,4.419649154792738,1.7982025189656992,2.354457578304454,1.0,2.897924944597607,1.0,5.926769021463329,9.519840234323521,6.025090007884383,9.499932276613482,1.0,1.0,5.893164938829365,10.0,1.0812297466573506,1.0,1.0,1.0,3.8533316542162144,1.2818354407339858,3.738082234440588,1.2214225877413059
MAC,1.0,1.0,,,3.7519184176355562,3.3289329074330616,5.558713203056849,10.0,1.0,1.0,1.0,1.0,,,,,1.0,1.0,5.228456502266745,5.551365773527487,1.0,1.0,4.629687590891184,4.568599012842034,1.0,1.0,5.558713203056849,10.0,1.0,1.0,1.0,1.0
RUS,8.567954743341584,4.271008378934322,9.19076110953397,9.654724781533055,5.247220393853975,1.0,8.4386088915502,3.665581282267987,8.12615001716042,2.615371944558944,6.57437249022866,1.0666821998079357,8.390966099468478,1.7257005264119107,7.327813874606298,1.3292959588592135,7.914138198052861,2.0692553804783205,8.449606521943599,3.00493647465282,9.26164091187063,8.376861369481663,7.62400108971471,2.0027621523729717,6.155504207303169,1.0,6.573138838692813,1.0663840476248314,1.0,1.0,1.0,1.0
xFR,1.0,1.0,,,1.0,1.0,1.0,1.0,1.0,1.0,,,,,,,1.0,1.0,1.0,1.0,1.0,1.0,1.0,1.0,1.0,1.0,1.0,1.0,1.0,1.0,1.0,1.0
SDN,8.58333348984173,5.239420819858892,9.050297299601485,9.777182936660537,1.0,1.0,8.729571542010925,6.329262300290158,8.434057827323475,4.352620953065184,9.0637109422221,9.961676083485468,8.850303395878456,3.0001628918307803,6.8156389335304715,1.0866084955872164,9.020352658109642,8.806545212974203,9.02982022104732,7.189829248501697,6.907514372642789,1.1822323474060012,8.163766214243127,4.152892486168172,9.683372779733658,7.60802508350111,1.0,1.0,9.053450344278989,9.820209452968498,9.05309141458228,9.816380509262594
MMR,8.508359255031221,6.7316244755112695,8.792899348107397,9.920763325154118,7.911586830536003,5.279441548287657,8.206169176191633,4.57053113314825,7.81117634504027,2.905839534935934,8.623659193034564,7.858992037560258,8.54729226035981,3.0788749363990857,7.669080590684852,2.6335244837973937,8.714613664046356,8.380337342524832,8.806096434268643,7.689083395916622,1.0,1.0,7.927455334558918,4.355619129867361,6.210602510977743,1.0,8.565176665611284,7.2622579560607585,8.601471102852571,7.6262644110468445,8.611535067222267,7.731666369394864
SOM,7.819981853124965,4.035475037687217,8.378708579359015,8.28009787218802,5.463071367064219,1.0,6.1219050635592005,1.1397609243012023,6.631313853556312,1.413284132498363,8.066741303805088,5.475224755574027,7.43291560079511,1.6098363760966474,4.528690104358414,1.0,8.45433834934753,8.666392491509589,8.605178534802107,8.66333873045995,1.0,1.0,7.47721227535285,3.611031557238479,9.344593553781731,10.0,6.679000073124845,1.4515760128830604,8.49617236996679,9.736556130522919,8.495145888736387,9.723725769472345
DZA,8.433891757297623,5.868401942642665,8.809823426419591,9.740753314385046,1.0,1.0,8.638055352290815,7.693787175311078,7.8011274888486035,2.786584664473787,8.593040108327608,7.24078971345132,9.073728757974234,5.086889578597512,7.013461719975143,1.440925857552943,8.457240022639542,5.725683061491272,8.785912532418799,7.190685400896461,8.084566258918796,3.218053378147534,6.4699396311412904,1.2013292035668903,9.017332579887993,4.901086437287696,6.786329273318618,1.3044997336808246,1.0,1.0,1.0,1.0
GUM,1.0,1.0,1.0,1.0,1.9690560723383381,1.0,5.06171251484721,9.990228205421264,5.06171251484721,9.990228205421264,1.0,1.0,1.0,1.0,1.0,1.0,4.784394117975988,6.649284696757013,4.861105787376442,6.649284696757013,1.0,1.0,1.0,1.0,1.0,1.0,5.062413124472972,10.0,1.0,1.0,1.0,1.0
CAN,7.615943949537531,4.117968973193063,8.264551980103892,9.593865841967764,4.892821704926343,1.0,8.126688875698786,7.937383480395657,7.904704059500366,5.907824072810834,1.0,1.0,7.176258221003661,1.6278141277847147,5.37466219921344,1.0,4.6163227882160935,1.0,5.405045484653957,1.0,8.34895550822058,8.710832896944407,6.500065234357601,1.7308472896533758,4.372284942916899,1.0,6.757200628929015,1.7678229496033473,1.0,1.0,1.0,1.0
GHA,8.519025590499123,7.343956620401394,8.69198596450864,9.300722400699758,4.74354335484312,1.0,8.468635326984742,6.864971459483707,8.04158264428067,4.001124409474562,8.40201084525495,6.285962413659968,7.2338914824036324,1.1950213298003431,8.387445493389489,6.383478080655015,8.684196845555638,8.663469381838437,8.870420864106979,9.025014726496787,1.0,1.0,6.695716181305633,1.4300383972647923,5.068169085398569,1.0,1.0,1.0,8.737326693168985,9.905590333895626,1.0,1.0
CIV,8.386820068884585,5.900190866300486,8.770027529302258,9.897191162189717,2.8522919031610536,1.0,8.443312455672677,6.352335614364243,8.276699152610966,5.123942850679024,8.244695712814035,4.921883351667245,6.637900104371165,1.0,7.992139469334519,3.825420556640726,8.7945649276866,9.628789045886531,8.947146576809205,9.55839430501861,1.0,1.0,6.759210423063404,1.457323934960848,2.2333264170973526,1.0,1.0,1.0,8.77543740619765,9.972143340719338,1.0,1.0
xJK,8.195747088268035,8.806917055512589,8.28732991876738,9.999068022917427,1.0,1.0,6.84299711642711,1.899179953346855,5.039418798167994,1.0,7.5153982525123215,3.688430916479388,6.770084790173342,1.2611688913616241,5.688375016640557,1.0,7.812344670954129,5.040533745025086,7.506413156624225,3.035354713274357,6.82832929016895,1.7117724021677083,6.5814464045708725,1.8598161580828723,6.812797231734221,1.3368414387666228,1.0,1.0,6.652859773129244,1.6485531899523138,6.703067939511119,1.7078857753200558
GRC,6.618437953153309,4.170310251851775,7.217054286238934,9.083522522533015,3.911137471206586,1.0,5.729368231437454,1.7421328393786992,5.066607035528321,1.210270864348943,5.809468033316025,1.8511252386850408,7.522586874733329,7.478265914332484,5.760277308344608,2.1126107126359046,6.51945229688217,3.578915063344185,6.411155640858206,2.829662467028763,5.895372761431803,1.8280969210683677,4.46521663888295,1.0234010605325443,3.5254557453851167,1.0,1.0,1.0,1.0,1.0,1.0,1.0
SYR,8.17609391245297,7.029619564801649,8.430832929324165,9.958390091872786,3.2978862921425014,1.0,7.9834348203100785,5.462634944781225,7.254888886206446,2.3972599019439462,8.309793119263707,8.423965546953513,8.409729760655942,4.213187847272569,7.218346565704986,2.5168692349033908,8.395422099621559,8.944257797643697,8.38515850835891,7.2321796066729735,7.2352496278980105,2.0907064752797697,6.713595085271084,1.8311898969190388,8.485896313061629,4.5464425251130685,1.0,1.0,1.0,1.0,1.0,1.0
GUF,4.391052971965551,2.361072281693474,5.390005009530718,7.6377584387856094,1.0,1.0,4.8753394241391845,3.9627368419765703,4.501176362331703,2.6284897848456095,4.114775251587026,1.8592053038391612,3.8024080021806412,1.5839652916155198,3.6196033005090325,1.6990828407241119,5.567079520943919,9.39462700176683,5.654504173178301,9.329470762314074,1.0,1.0,4.932653374929272,6.468156631737007,1.0,1.0,1.0,1.0,5.45500181078075,8.343736502970726,5.482503255701827,8.665257433838608
BFA,8.479497900910633,8.51426235234311,8.595675299832633,9.999022358868123,1.0,1.0,7.426741441443035,2.4201149325335516,5.687488037883934,1.0137481063603149,8.595745359984415,10.0,7.687898053018535,1.8072620668620771,7.3015419571211835,2.288064778204009,8.382617138425573,7.054594992094868,8.537025910951261,7.0985061380400865,1.0,1.0,5.59043200331465,1.0,7.863422208351604,2.102341126773055,1.0,1.0,8.595745359984415,10.0,1.0,1.0
MYS,7.249079719652444,2.3512833941248537,8.380722561977526,9.102257581934218,5.479398041873181,1.0,8.34556543155371,8.671806999903357,8.334746730372117,8.543953678400282,6.687143319479823,1.5177848257967557,6.268503546740548,1.0,6.840198680710764,1.7500304177502497,8.044026635467489,5.504308174883925,8.301855758181091,6.367304082000373,1.0,1.0,7.481325276999376,3.932205029237345,3.616907579687617,1.0,4.849040894338807,1.0,3.6985401805570177,1.0,1.197929336471439,1.0
KAZ,7.850900228977586,5.632403288055178,8.272000673589734,9.924393303966113,1.0,1.0,7.543310283432589,3.8547786350727815,7.064319782906093,2.3211722189457418,7.545970939443645,3.8668341857058137,7.875751082867274,2.992050729694006,6.423819400882441,1.465882214150352,6.035474361223887,1.187631879089105,7.2836148117105655,2.456125741198035,8.086699636953881,6.3084240502417215,6.9837468969876575,2.7461715090814485,7.863708260407019,2.9133900827569494,1.0,1.0,1.0,1.0,1.0,1.0
PRY,6.84789572307357,3.987482622578879,7.549732079436369,9.950055858656453,1.0,1.0,7.036619482800891,5.021911082959382,6.785483903855951,3.7062424893503896,7.315503067623435,7.219566787680577,5.8842353272451655,1.2742903245438413,6.547594393396488,3.487975965561755,6.267782587185131,2.1158710821582476,7.059681074925562,4.272310633709709,1.0,1.0,5.794703578757822,1.813191929876309,2.2309348229804447,1.0,1.0,1.0,1.0,1.0,1.0,1.0
SWZ,6.185021550090889,6.177272111151685,6.54036556441924,9.998940852894739,1.0,1.0,1.0,1.0,1.0,1.0,5.382796230240507,2.446692516901971,6.33232990305135,5.528026557084585,6.006106206672027,6.966028568902097,1.0,1.0,1.0,1.0,5.533536162694185,2.586228823628451,2.8173568851371242,1.0,3.236921754589297,1.0,5.965434931389822,4.669799006592284,3.886060749699544,1.063623530127379,1.0,1.0
POL,7.702913244308668,4.808999662217007,8.248767428484992,9.92391455813122,5.287649229154191,1.0,7.304050084605397,3.0232889825417657,6.928892409822845,2.097704128981109,1.0,1.0,6.43576863141146,1.0860776921946615,5.359615274580304,1.0,7.074761888831992,2.3192773230202093,8.23437309900352,7.5569521497663485,7.671357530899099,3.906925548069823,6.207507818113257,1.445182886371675,2.3807167123595954,1.0,1.0,1.0,1.0,1.0,1.0,1.0
MDG,7.244143101110861,1.805395952778524,8.679418849062722,9.024423793301125,7.2067103797691745,2.253167489927843,7.958589538693332,3.5929114058656424,7.609624957117111,2.4798529985129405,7.56034453989275,2.365410860982386,8.241603421768467,2.4392442382296458,7.608398848954125,2.6059538327143086,8.153357086722135,4.309276167680379,8.608601648852513,6.317502172513123,3.97525356792494,1.0,7.62464569072494,3.232183932048199,6.536715040598114,1.0,8.75337031293589,10.0,8.715836014098077,9.491010656041116,8.715836079629788,9.492051335852258
PCN,1.0,1.0,1.0,3.7126087979007094,1.0,1.0,1.0,10.0,1.0,1.0,,,,,,,1.0,1.0,1.0,1.0,1.0,1.0,1.0,1.0,1.0,1.0,1.0,10.0,1.0,1.0,1.0,1.0
BIH,6.3617905498411655,7.66921424336565,6.554753324426304,9.999772974855286,1.0,1.0,5.417500211484848,2.4955457973786896,3.699646892032085,1.0226422274648936,1.0,1.0,4.5594846101099025,1.2090233301717412,4.358008716645669,1.321589037502927,5.275621719541046,2.138358999356418,6.2505818019593224,5.551860436850601,4.0185815170299435,1.0772346993212083,4.933498577203716,2.0954271091480643,1.0,1.0,1.0,1.0,1.0,1.0,1.0,1.0
NOR,5.7676327266345435,2.204056880573882,6.93219024986738,8.647114306007296,4.004023133424557,1.0,6.841330589380583,7.639739732969016,6.502735245618391,4.9115481629932285,1.0,1.0,4.4683146046355855,1.0,3.1228458766760676,1.0,6.284158454061492,3.641798652310264,6.7327468384503515,5.463719583318984,6.608899356730728,4.845136460610146,4.967523884683777,1.4580341988761951,2.6383936888371022,1.0,1.0,1.0,1.0,1.0,1.0,1.0
OMN,6.081330529507428,2.4214240989556397,7.0364431182790685,7.4613220455922775,4.3340831349550974,1.0,5.28501418895357,1.354511123848504,4.829165312739049,1.1303344864834544,7.101658458047352,8.151217340684479,5.765439977091545,1.4930814142616438,4.356988736368857,1.0,5.250393957981598,1.316086655665073,6.4912711867708595,3.199016459978763,3.2908168160543627,1.0,5.836255586078044,2.506374296741646,8.106514360167226,10.0,7.0289285253931055,7.386174181816635,1.1744832364626552,1.0,1.0,1.0
MAR,8.392843272016602,7.515386184217594,8.594770612685494,9.916008893377864,4.920932236562824,1.0,7.560173734837338,2.7492058695713655,6.617411127932424,1.3419400417688336,8.222324315641334,5.993947123299596,7.865549661478187,2.073456309169683,5.50190947899806,1.0,8.279045915716921,6.115293547085574,8.446719541280318,6.274409250208483,8.103391949462193,4.279060148067688,6.6378513352324795,1.5178631500329125,8.674264944904532,4.51185263430164,8.60081727274111,10.0,1.0,1.0,1.0,1.0
IRQ,8.200497797019523,3.7920183853071263,8.948040705457363,9.991387001286563,5.295210029014933,1.0,7.7621094126993135,2.3799626169145744,6.231028140812004,1.0493251107615076,8.947924546483387,9.989767675864178,8.853839881613034,3.470381907470817,7.962207840169678,3.0031142679681193,8.992962431990916,9.984521695229741,9.096609475737358,9.225594880240488,5.965350957441331,1.0,8.73863996743431,10.0,9.325454718691653,5.905700777231732,1.0,1.0,1.0,1.0,1.0,1.0
SMR,3.549931524534628,10.0,3.549931524534628,10.0,1.0,1.0,1.0,1.0,1.0,1.0,1.0,1.0,1.0,1.0,1.0,1.0,1.0,1.0,3.082251303893781,4.997083451468959,1.0,1.0,1.0,1.0,1.0,1.0,1.0,1.0,1.0,1.0,1.0,1.0
TUN,7.408857108628467,5.793715865475356,7.648503485753768,7.965690504132981,5.791822396651983,1.5015770562125097,6.9872464761554305,3.4662483572432663,6.88364923574373,3.090276610765078,7.539440535688474,6.877888367547098,6.774914716098732,1.8796858485769763,5.217325518747003,1.0,7.483541268607237,6.085897211391496,7.2109027776159635,3.7374751433951894,7.633162073391816,6.477497999463952,5.7172026342264,1.4119962516565374,7.960212924471017,5.667595305764488,1.0,1.0,1.0,1.0,1.0,1.0
DJI,1.0,1.0,5.753481945638286,4.200569358317403,3.5351330181432745,1.0,6.310164632104367,8.64502581820591,1.0,1.0,5.911197799823627,5.102188001217212,3.5686129179451367,1.0,1.0,1.0,5.901701532491137,4.868561424161938,5.973695346175777,4.709733287502076,1.0,1.0,4.727457585272818,1.981836209098505,6.996898699076928,10.0,1.0,1.0,6.254150193847156,8.007644216340806,5.026673890111552,1.9877917341473683
NFK,1.0,1.0,,,1.0,1.0,1.0,1.0,1.0,1.0,,,,,,,1.0,1.0,1.0,1.0,1.0,1.0,1.0,1.0,1.0,1.0,1.9377102204199597,10.0,1.0,1.0,1.0,1.0
MNP,1.0,1.0,,,2.545800040606255,6.4134173843575875,4.105003460602292,10.0,4.105003460602292,10.0,1.0,1.0,1.0,1.0,1.0,1.0,3.193020811031504,3.1085304345462643,3.237474502216856,3.1085304345462643,1.0,1.0,1.0,1.0,1.0,1.0,4.105003460602292,10.0,1.0,1.0,1.0,1.0
ECU,7.25412800079881,3.418508464246808,8.086840295216344,9.918876612779412,4.632630833987665,1.0,7.768401230713565,6.435229237255327,7.719154104395923,6.032869258731734,1.0,1.0,7.68910408430948,3.1124637784399867,5.986718698112543,1.2536394770478139,7.727274618779475,5.801491772780233,8.093618922818882,7.81055699716119,4.299905801585707,1.0,7.06926167101159,3.7273656298790887,5.641123213014266,1.0,1.0,1.0,5.396384036192993,1.0539937684499658,5.34883476667462,1.0437993262146525
ARG,7.983682844794917,4.371468241512407,8.589632201032554,9.68598046298295,4.091883950220829,1.0,8.512483576393066,8.705744108274342,8.38889549122339,7.358444084299672,7.482311957599338,2.5128057112278075,8.172116749919866,2.681308651517422,7.828229969325085,3.9112486147542778,6.492762844688308,1.2437648601439248,7.471366681990558,2.1339612807898902,8.465816261558304,6.6144826097937734,7.517101809736449,3.371105680453666,6.69564186359584,1.0873150391814117,1.0,1.0,2.6638942909159846,1.0,2.6703323073974543,1.0
TCD,8.130044422040967,5.636473347408783,8.55588631821695,9.998074826612688,1.0,1.0,8.445777154550406,8.584635973511421,8.43248454506117,8.429604253222713,8.555968701695345,9.999224322312232,8.21922632409515,2.9931485222002907,7.973658040255761,4.983816338067687,8.569998565202987,9.603686822348537,7.436390554830904,2.176853074248356,7.993410992649551,3.969153737901992,7.665025071132572,4.289861684452145,8.379372546058322,3.5052825000287706,1.0,1.0,8.542913173588197,9.818862524250058,4.479607367785315,1.0
AUS,7.039939921404704,2.6036956611951245,7.887589269334734,7.134501285679857,5.577780027182555,1.0,7.37413938878176,3.7396228816355195,5.440915198000463,1.0546542241586574,6.651936776634116,1.843204426570674,7.817681020476468,3.357788737838676,6.848383916609131,2.4267983890377804,5.46436922372576,1.0542277105926128,6.16869635791935,1.2726622533539442,7.936927609037225,6.280520627065155,6.383596970018594,1.7992619286994511,5.640419404331908,1.0,7.53305621667835,4.5216305119745215,1.0,1.0,1.0,1.0
LIE,2.95139144394377,3.5495198577353553,3.7567906878922033,10.0,1.0,1.0,1.0,1.0,3.323343039579788,5.582590574861943,1.0,1.0,,,,,1.0,1.0,3.828744626658684,10.0,3.2124739471526698,4.5914200057908365,2.8045260803263,4.744608506570577,1.0,1.0,1.0,1.0,1.0,1.0,1.0,1.0
LTU,6.171412055812745,5.97983596014084,6.550219612100102,9.97915062341493,2.6398795696385253,1.0,3.154194011891753,1.0,4.497480767294363,1.2973463791334392,1.0,1.0,4.319056216255513,1.0763456049269708,2.106404388537495,1.0,6.420273045723102,7.9958531913868445,6.26536610839854,5.67799702098268,6.019296839854148,4.329048804479105,4.097377652598,1.1859370751760427,1.0,1.0,1.0,1.0,1.0,1.0,1.0,1.0
MCO,1.0,1.0,,,1.0,1.0,1.0,1.0,1.0,1.0,1.0,1.0,1.0,1.0,1.0,1.0,1.0843535357403948,1.099481169916966,1.0860634265035527,1.099481169916966,1.0,1.0,1.0,1.0,1.0,1.0,1.0,1.0,1.0,1.0,1.0,1.0
NIC,7.015673181582169,4.818945618911109,7.5461678380545685,9.736306295749426,4.171525180722648,1.0,5.312062576254981,1.1951265927130656,4.473636357390522,1.0,6.757677762755101,3.5403503621627417,6.42910264019589,1.8215761709883909,6.050068245144826,2.072525700656165,7.563020893011162,9.463682636227533,7.613651241691121,8.471491316344789,1.0,1.0,5.0963211629603595,1.1619308915891116,1.0,1.0,7.5653432248721515,10.0,7.033411032591069,4.9268681406461585,7.016201044565589,4.822583116108275
CHE,6.8626887702977495,5.505797723321464,7.2897060855424485,9.762795242411075,1.0,1.0,6.935616646368455,6.0503014422629295,6.998164676772241,6.568408618820201,1.0,1.0,3.7054624165693317,1.0,4.548126886074446,1.0,6.768028945267359,4.689090621653585,7.345061715838481,8.432773500644801,6.857558073498058,4.688600556500735,5.432247528598088,1.6641203924437273,1.4574545820534666,1.0,1.0,1.0,1.0,1.0,1.0,1.0
xAC,1.0,1.0,3.4264660913861897,9.887677153787598,1.0,1.0,3.149541032813273,6.7784577334697165,3.2282768961905033,7.532503793213206,1.0,1.0,1.0,1.0,1.0,1.0,3.059413346654832,5.929109885198334,2.6134816557537452,3.329324207190423,2.169632765230294,2.1694375815715494,1.5301312382659806,1.7804693661249076,3.2114891699849957,8.769605682507681,1.0,1.0,1.0,1.0,1.0,1.0
CAF,6.840699270709344,3.224463493838955,7.731677468821525,9.999979847640068,1.0,1.0,7.66598351669232,9.127928223921252,6.997430152612136,3.85424580860345,7.699935907288106,9.56764373828862,5.490205736897102,1.0,8.15929594035708,10.0,7.76976007372687,9.994654032635143,7.778649669312273,8.40751761178608,6.857813522418134,2.8787526463285813,5.973560974422238,1.8060190705781438,1.0,1.0,1.0,1.0,7.731678912912814,10.0,2.7291297693948984,1.0
COG,6.234297674579837,1.842970900752663,7.694622961018105,9.696103763392873,2.5550417086980337,1.0,7.538204233747514,7.820428550753467,7.522618001208068,7.657032092337602,5.300920738922125,1.1319548368791994,5.420412315557834,1.0,6.939254170548025,4.4273129349508,7.602525871189616,8.110769853134636,7.728449273952867,8.026016472844935,1.0,1.0,6.547596838492549,3.1986172077186765,4.639762530584353,1.0,1.0,1.0,7.715858519636759,9.987260691973948,1.0,1.0
PYF,1.0,1.0,2.561513319675206,1.0658783477406264,1.0,1.0,2.797102554083323,1.1341884522775925,1.4786588320474436,1.0,1.0,1.0,1.0,1.0,1.0,1.0,4.082392212370349,2.4850859845048587,4.144873932029176,2.4850859845048587,1.0,1.0,1.0,1.0,2.571222526165649,1.0425949120838476,5.206457393927097,10.0,1.0,1.0,1.0,1.0
SJM,1.0,1.0,,,1.0,1.0,1.0,7.91483616574974,1.0,1.0,1.0,1.0,1.0,1.0,1.0,1.0,1.0,10.0,1.0,10.0,1.0,1.0,1.0,1.0,1.0,1.0,1.0,1.0,1.0,1.0,1.0,1.0
GAB,6.424226446204775,4.3775387571108535,7.028846127105808,9.683440950823822,3.3904175660526557,1.0,6.379438341797659,4.147087838017143,6.109540173320532,3.0487487038004333,1.0,1.0,3.557841181766552,1.0,5.200595141482404,1.6317138122348886,6.548927360030545,4.910846402269458,7.0447117536236075,8.009559533727494,1.0,1.0,5.3887742737904105,1.9916242361111445,3.005399301212028,1.0,1.0,1.0,7.003736933117818,9.351676911843986,1.0,1.0
GMB,7.150533199452907,9.638493348595855,7.136496589821247,9.452412919568934,1.69491111289656,1.0,1.0,1.0,1.0,1.0,6.869557477584122,6.580191723060713,7.190201111738312,5.995189036505174,6.065780612322389,3.2548069395794887,6.759426224965763,5.463485245919422,7.142293049136834,7.690677166559487,1.0,1.0,4.944686337267084,1.3167615195495166,4.34645565166235,1.0,1.0,1.0,7.160902218570824,9.778551227439758,1.0,1.0
ALA,1.0,1.0,3.459019074469852,9.252792859818836,1.0,1.0,1.0,1.0,1.0,1.0,1.0,1.0,1.0,1.0,1.0,1.0,3.12034166108576,5.779240283363538,3.1633221074797038,5.779240283363538,1.0,1.0,1.0,1.0,1.0,1.0,1.0,1.0,1.0,1.0,1.0,1.0
SLV,6.658126799873077,3.7484409278834097,7.408217567961676,9.889155185510589,3.9046496659887096,1.0,1.0,1.0,1.0,1.0,6.500658723940813,3.138758985752934,5.381060130754647,1.0750582352513396,6.360591142260604,3.3581050799978747,7.439854401157781,9.821136481378119,7.568434352570922,9.795052320399037,1.0,1.0,4.681062843927636,1.0503272970308917,1.0,1.0,6.910465152379654,5.0916732691523094,1.0,1.0,1.0,1.0
GNB,6.570555985008676,5.588950982034379,6.826740123661402,7.843704935677167,2.6884799640348387,1.0,1.0,1.0,1.0,1.0,6.896485528374267,8.627347814998261,7.025071481352209,6.329165504809641,6.288371592938474,5.243539415195478,6.401742948793311,4.354412741538097,7.0567932951901025,8.701669135082502,1.0,1.0,4.197838906534331,1.0310280454806622,2.942335915294463,1.0,1.0,1.0,6.974870408290176,9.614232046770972,1.0,1.0
IMN,1.0,1.0,3.7940561767351975,5.450050780466799,1.751274409859498,1.8285704523023436,4.245954202917158,9.995933706859548,4.245954202917158,9.995933706859548,1.0,1.0,1.0,1.0,1.0,1.0,3.7551619039240993,5.085297558037029,4.2421595635101745,8.86891287012254,1.0,1.0,1.0,1.0,1.0,1.0,4.246245652934681,10.0,1.0,1.0,1.0,1.0
NAM,5.357689503614448,1.4684916882435088,7.173756505304514,9.996381193893397,1.9603445054187523,1.0,5.673556704309107,1.8175412677878118,6.1548284934564474,2.8108217961469872,7.014979395162074,8.0307797495142,6.803007526761152,3.978945390275193,5.763600758461156,2.3879952379562366,7.155148278807806,9.278871538516986,7.254295192212767,8.964131942467302,5.056199149103353,1.2183264861186611,6.197727506914809,4.0699857316886865,7.014354817152261,4.561597385268542,1.0,1.0,6.926484534781586,7.126170411473234,1.0,1.0
KEN,8.62766582789257,5.353848813858723,9.063898709413357,9.592095526948968,2.7211694766826273,1.0,6.614811583438996,1.1113673396628374,6.539389960895829,1.0892533261259332,7.675949108583785,1.9403559555929148,8.968060664868819,3.2554605016832565,6.644525566316989,1.0,9.077117155942425,9.16732783344385,9.24700953308993,9.243844332514996,1.0,1.0,6.480386672027887,1.0766239470414891,8.619820100788205,2.430719396818817,1.0,1.0,8.97349853835103,8.467027627106674,4.011268037713105,1.0
KWT,4.403660887550345,1.0666064610788728,6.602337592618381,5.51280039019689,4.534920447414155,1.0,6.971752321152245,9.025882502776023,5.809225633254984,2.271685320121964,6.933376909318527,8.56154595976311,5.463947915964893,1.4445136442714714,5.520840204497428,2.169411058732465,6.967273599432808,8.561450717291779,7.088241709423457,8.56154595976311,3.9519012234534787,1.0,5.4055453488609935,2.0331716053263573,6.903448548285498,4.760323196587667,1.0,1.0,1.0,1.0,1.0,1.0
KGZ,7.473178365010671,7.836022229678652,7.643440805357628,9.905085285208909,1.0,1.0,7.45688042747968,7.664872333288067,7.5250837215971735,8.410527676115322,6.035742097316293,1.671608797552755,6.299548261043129,1.5350564484207871,5.3914672385648394,1.1789228955218178,5.218359389941948,1.118670831701546,6.246561076318221,1.767760091528844,6.986586081801583,3.617385776662703,5.362550291907464,1.267432225142287,6.235744652241351,1.4657401546527602,1.0,1.0,1.0,1.0,1.0,1.0
LAO,7.0175284162339455,4.238649254529353,7.670122959859242,9.975799525921536,1.0,1.0,6.546400662628981,2.5245704435583503,5.500351442201604,1.2333822209856449,7.267407624613529,5.795308113911781,8.450837388662062,10.0,7.836988703666592,10.0,7.649499025248465,9.198298112264066,7.752884996514423,8.817884846651543,1.0,1.0,6.7099266292726405,4.067257769850567,4.166769489252326,1.0,7.3645908411480505,6.581422093223407,7.26470564225483,5.77508354106299,7.376619238890193,6.687826925937979
LVA,4.988322619551921,2.1054098928635274,6.3044439254198466,9.930226247138426,2.6799505668106054,1.0,4.552074383090703,1.5214622208190218,4.3105116464669955,1.3317332589498891,1.0,1.0,4.6563862341905216,1.5436741182506704,1.7370894857013308,1.0,6.293545103727894,9.380274770344863,6.343845093146264,8.687822283881154,4.019969855194091,1.1548248293324943,5.300704440159004,4.0383145215475,1.2830122622314235,1.0,1.0,1.0,1.0,1.0,1.0,1.0
LSO,6.764830297030253,7.541312233888299,6.9702527532628284,10.0,1.0,1.0,2.284368789623417,1.0,1.1111274330127276,1.0,1.0,1.0,5.924651261325743,2.1944415400621375,1.7291764955187068,1.0,7.002059288189937,9.968016855348791,7.126080035658772,10.0,1.0,1.0,3.8346644713106364,1.0,4.84230661085596,1.1129773234322258,1.0,1.0,1.0,1.0,1.0,1.0
FLK,1.0,1.0,1.0691055675894279,4.971063578697516,1.0,1.0,1.5628648009333324,9.576909616609848,1.4705248125332897,8.431376658325998,1.0,1.0,1.0,1.0509713848667839,1.0,1.0,1.0,1.0,1.0,1.018461039875869,1.0,1.0,1.0,1.0,1.0,1.0,1.0,1.0,1.0,1.0,1.0,1.0
FRO,1.0,1.0,3.4398446671414646,4.478307221880801,1.0,1.0,2.8028901527364667,2.2516596346012245,1.0,1.0,1.0,1.0,,,,,2.9855887731290105,2.6557754386059638,1.0,1.0,1.0,1.0,1.0,1.0,1.0,1.0,1.0,1.0,1.0,1.0,1.0,1.0
FIN,4.576483679446675,1.131227635598191,6.925842235283074,9.091089584829238,3.5210824501356868,1.0,5.2959968887108095,1.5794319979568623,5.283160302755324,1.5663522923975806,1.0,1.0,3.6578062008424173,1.0,1.1427648275670714,1.0,6.581877674537852,5.50536929427331,6.857688304817264,6.771686408143141,6.2577478612224535,3.38880375277239,5.354354900114874,2.0358297456024697,2.3832291333340234,1.0,1.0,1.0,1.0,1.0,1.0,1.0
GIN,7.698792209379869,4.664400425950233,8.270758981507383,9.94468929731346,5.142777654336791,1.0,7.256926250914736,2.814851896055697,6.12347241987964,1.2436189636083408,7.963456864078443,6.546620584685984,8.87987054346003,8.771891995614713,8.596798657945975,10.0,7.970536001192963,6.272054508648634,8.306768115095739,8.087964038593684,1.0,1.0,5.763067406330544,1.130534278621922,5.211747057693048,1.0,1.0,1.0,8.267652757554945,9.901708039896487,1.0,1.0
GUY,5.904688237866235,6.939069125949478,6.008660185720711,7.982526041861047,4.842437066865618,5.396686173402988,6.170195789007728,9.973109285790363,4.893418363849252,2.185928991437211,4.303430941271558,1.425282444776498,3.629912885549654,1.0,3.764813630333067,1.1912406029280607,6.1331055681668865,9.09657514375207,6.207569698736075,8.742084642092443,1.0,1.0,5.9012479826443816,10.0,1.0,1.0,4.727790426855101,1.8992778688221188,6.171985234203964,9.998041464285826,6.171985234203964,9.999143372119157
ALB,6.333616202973172,6.716152706015937,6.623586032492323,9.97204264848964,5.301238825251436,4.899383714512778,1.0,1.0,1.0,1.0,1.0,1.0,5.220189942438284,1.7511338164131809,4.479185410397591,1.3596344804378284,6.482986106383553,7.871629221809692,6.471616507796444,6.705647219710018,4.645743105554237,1.2965627221354745,5.234591670191584,2.613450883082545,2.418353540166183,1.0,1.0,1.0,1.0,1.0,1.0,1.0
MRT,5.710381279383572,1.394914910023819,7.599086898968331,9.732086170250902,4.614212145751815,1.0,6.944723771501149,4.140366210062276,4.5585510064340875,1.0,7.527864902350846,8.818330195276848,6.767197634494678,2.27946701849785,4.946765720936981,1.0,4.526055875725385,1.0,7.1859302699096474,4.584270024063176,6.206563150738358,1.789738089963941,6.323513007606056,2.7997587657132783,8.522269025322123,10.0,5.668804780282597,1.364877243866529,7.5121973569564044,8.63037771634081,1.0,1.0
HND,7.222454148498651,4.140050142360573,7.889925098293741,9.910533407194086,3.9142652432614815,1.0,1.0,1.0,1.0,1.0,6.673421577538246,2.300035289873416,6.6687592749819045,1.60769870636892,6.925730550094861,3.4742759245952706,7.898300339507504,9.494595163838444,7.975901133987723,8.731373752865718,2.9676197621328737,1.0,6.130306543763611,1.7872040286163366,1.0,1.0,7.896367903269539,10.0,6.392724107733258,1.813111073876342,6.483287701299398,1.9480593936475463
IRL,5.570519208973408,1.7755419553757656,7.034265437822693,9.104579494074546,4.5987179127114395,1.0,7.101807747708399,9.999910858405496,7.0785099164983905,9.680536399799593,1.0,1.0,4.962578739470752,1.0603194870503057,3.6784654489140785,1.0,1.0,1.0,1.0,1.0,5.5835196339542605,1.6725751152546415,4.773581477921784,1.2515363609146193,1.0,1.0,7.101814135500646,10.0,1.0,1.0,1.0,1.0
ESP,7.921442137884004,5.873280285085643,8.208852601131383,8.626212024599905,3.8456837520943337,1.0,5.949444798105516,1.1496287717246259,5.106148830897809,1.0,7.6039798529833345,3.9584376975363553,8.053749199948832,3.400515415300592,6.411786452276087,1.4096887665340598,8.125943749092697,7.294528563834814,8.265149212708565,7.244656999478502,6.894374051493175,1.7579864371545728,6.257970460889643,1.4333794419170562,7.366189176596917,1.8462991507481343,8.057005146468471,7.021658575922946,1.0,1.0,1.0,1.0
AFG,8.792681955085953,7.55410798421681,8.996764170995105,9.998819415974209,1.0,1.0,7.93026022127864,2.6773596869839733,6.819037483770526,1.2302595399859007,8.438401881048197,4.766621557220277,7.251641967509014,1.040192148997841,5.421033412938363,1.0,8.374562683313197,4.1886548825000425,8.38454819206271,3.570926432399007,7.470768296103962,1.61813895466499,7.56051411844269,2.3272478163385117,9.811286021132334,9.75432461450156,1.0,1.0,8.958459044263957,9.479748813590893,8.95889032672318,9.48646396905552
LUX,1.9203691184926805,1.0,5.657986206194178,10.0,1.0,1.0,4.661169277613981,2.8772613080678258,5.3837299549855215,6.876280190429508,1.0,1.0,1.8297612140691477,1.0,4.316659626562551,3.0542254425010267,4.141148404894821,1.771044498822436,5.779562521627783,10.0,1.0,1.0,3.2514286471807945,1.2293796147249174,1.0,1.0,1.0,1.0,1.0,1.0,1.0,1.0
DEU,7.9194867918572545,3.561129580804853,8.720147943130232,9.973801719763477,6.786009001754429,1.3645236728476813,8.23957881162298,5.243945484468726,8.18008858579817,4.865620169633366,1.0,1.0,6.552619070401383,1.0,5.943172471029528,1.0,7.4280251024001185,2.088298497573277,8.648887105325091,6.936607464401021,8.58895931785518,6.711762097768052,6.993006633793447,1.8051637122654038,2.4119674148883115,1.0,1.0,1.0,1.0,1.0,1.0,1.0
NCL,4.310199649727235,2.905371352899258,5.08658184160045,7.482787876609507,3.210630724826186,2.4498150983948177,1.0,1.0,1.0,1.0,1.0,1.0,4.4710319381352575,3.8928883884920475,2.321543109287675,1.0,4.965723853633218,6.184013373429541,5.061381413989819,6.305902934049515,1.0,1.0,1.0,1.0,1.0,1.0,5.297778293534591,10.0,1.0,1.0,1.0,1.0
MLI,8.446451123749046,7.258736893147769,8.679515941598595,9.989931620258837,1.0,1.0,7.175141512518596,1.8110976261249252,6.4788999820104,1.2188676107435439,8.680237827315443,10.0,8.003292783010998,2.1440736349723473,7.327340777393654,2.1445029738675228,8.567770862069402,8.069926115125622,8.816599760018123,9.168765080374472,1.0,1.0,7.246340434784509,2.3543409793559396,8.524962404728576,3.5059697899360405,1.0,1.0,8.672928025010266,9.89856144507985,1.0,1.0
MEX,8.653437478917903,3.8868597826416402,9.374521073486724,9.916779889158887,6.50263550500041,1.0,9.158710160136925,7.376635625458195,9.189088918605165,7.685380313560031,8.477806561907169,3.183160275571195,9.231381687569751,2.983825707254886,8.338399054662855,2.6930222711330996,9.258468637520835,7.923048995507207,9.349614477110245,7.16683605558589,7.17861302022723,1.162508024114497,7.804815975912041,2.0230167302275897,8.145918987080673,1.374748971513704,8.636922101219358,3.812316171022091,3.882820543816684,1.0,3.9204636910325963,1.0
GEO,6.22548423034282,3.8753350905622637,6.953988370765618,9.984711384896638,4.0401755744654375,1.0,5.886245331629926,2.671260220019163,5.4827409446377935,1.8576070132449007,4.588531415865637,1.1494746132020717,5.068861896455668,1.2197251507669928,3.9824225107997995,1.0,5.965890806956172,2.816019878720782,5.677393976533654,1.9744476884265363,5.559204582098255,1.8312318178731357,5.110406097264537,1.7169326468311863,3.0954750633797263,1.0,1.0,1.0,1.0,1.0,1.0,1.0
ISR,7.09493040712643,4.988269662683831,7.614372905958774,9.963658940857004,1.7491989584808287,1.0,4.249314800576801,1.0,4.171247440668683,1.0,6.512579405086132,2.5776390275503775,7.316200851079615,3.848961060782993,3.3344752686374948,1.0,7.355287834217046,6.664436577057641,7.556002792834915,7.317923500731146,7.193830410368017,4.800624156668188,3.4205689038414557,1.0,6.509538990241502,1.7950428462096855,1.0,1.0,1.0,1.0,1.0,1.0
EST,5.154090117999731,2.978462306697506,6.094856470185286,9.679422431384342,1.380275338748962,1.0,1.0,1.0,1.0,1.0,1.0,1.0,4.235936282546503,1.367843736228494,2.848605829244365,1.0,6.114660854695048,9.555689792556,6.058141182015319,7.713089148661112,3.824996668949113,1.1549826259235512,3.606120660634905,1.162066377410364,2.203789223130437,1.0,1.0,1.0,1.0,1.0,1.0,1.0
CHL,6.99091452226595,3.13290118625392,7.902613871182812,9.92267051965556,2.732788759680881,1.0,7.832574268417861,9.003855632661796,7.150998577715956,3.752376188657716,1.0,1.0,7.932795062716246,5.047118084163827,6.9570923763597685,3.5451608060238344,6.130239833892752,1.4764812989153362,6.123256381196786,1.3896865227392867,6.314851382827737,1.5733115996428628,5.913593590292395,1.5065957648623,6.75661592953716,1.6817870311305154,1.0,1.0,1.0,1.0,1.0,1.0
xxx,1.0,1.0,1.9544018498024736,10.0,1.0,1.0,1.773040016881695,7.790849381740528,1.5168460492351188,5.553211067308302,1.0,1.0,1.0,1.0,1.0,1.0,1.803111746149622,8.065664980736242,1.88529202672362,8.80717025004591,1.0,1.97269350607296,1.0,1.2188858404452843,2.00794951686098,10.0,1.0,1.0,1.0,1.0,1.0,1.0
CHN,10.0,5.8708282245223105,10.0,9.726075657931437,10.0,4.692882181977665,9.413809509091024,2.2662318706840083,8.81651251017189,1.451624908195077,9.772578334618332,3.2630785356787215,9.64190190658221,1.2324887117433478,9.373184876037463,1.8743022330773642,9.39233782497266,2.1295451461361465,9.997275614620865,3.248080774535789,10.0,3.4036066067318296,9.964118724017684,5.0926274897261266,8.779059398232112,1.0,10.0,5.973767296836742,3.530578404011669,1.0,3.613080188908122,1.0
GIB,1.0,1.0,,,1.0,1.0,1.0,1.0,1.0,1.0,1.0,1.0,1.8181913300553108,1.9677736129531096,1.0,1.0,1.0,1.0,1.0,1.0,1.0,1.0,1.2844392598989032,1.233177755913161,2.398261804469515,2.5233729034496877,3.7422617772595688,10.0,1.0,1.0,1.0,1.0
JPN,8.375409954186757,5.319538270018667,8.753968802637058,8.795062509716645,8.6433201940842,10.0,7.115475061718842,1.546658229005557,6.265179001562746,1.0819379735105672,1.0,1.0,7.733641862427365,1.4946935522463227,6.132918469713181,1.0,8.02720289418236,3.339763928618892,8.619807632285477,5.6755869441784785,8.239126261164461,3.7425459415426707,7.939398226638952,4.163284513799587,4.234528588176312,1.0,8.846596961795765,10.0,1.0,1.0,1.0,1.0
BRN,3.7701961024082777,1.4665245628453758,5.350835151860368,7.217975036610565,1.9761951019218342,1.0,1.0,1.0,1.0,1.0,1.0,1.0,2.7324830247471024,1.0,4.293992180634364,3.2381470445342204,5.511039788895344,8.66563836426396,5.601859243413985,8.658427512201053,1.0,1.0,4.423435173553337,3.4509820876083834,1.264427452979045,1.0,1.0,1.0,1.0,1.0,1.0,1.0
BGR,6.824280599215731,6.823916689283047,7.065995687247446,9.481153808852609,1.3688835060184985,1.0,5.887329850870161,2.3129002403360257,1.0,1.0,1.0,1.0,6.107557455863861,2.228286405265716,4.16760186372613,1.0,6.578995347369473,4.7753059048215585,6.628299291256907,4.423434054807457,5.97619853837562,2.2813886772624183,4.925863695757519,1.3603573448884378,1.2328152036758602,1.0,1.0,1.0,1.0,1.0,1.0,1.0
BDI,7.4278085024161555,3.290637769352803,8.299855840343733,9.9919802527347,1.0,1.0,1.0,1.0,1.0,1.0,1.0,1.0,7.40059547914309,1.918914781420532,6.5794904176501126,1.6184830978165736,8.31327500628191,9.608073664541848,8.490976527731322,10.0,1.0,1.0,5.010078104786041,1.0,3.4138842425513496,1.0,1.0,1.0,8.24576685767882,9.268290625911206,1.0,1.0
ETH,9.361655590505066,6.502258015308195,9.673872551852467,9.941475803397646,1.0,1.0,9.083500715087487,4.55848875410572,8.753846091725435,3.109236712157621,8.055640007940902,1.6624130636181018,9.336491768263333,2.345978055984244,8.195138983714958,1.7308818359834874,9.710914269993348,9.770467392394648,9.700216137092768,7.605288796877076,8.110754915923907,1.5607634904163814,6.788371066438502,1.0,9.117449470775737,2.0808149697602905,1.0,1.0,9.55666708737788,8.454198889056892,9.555281503488459,8.439078761606376
PRK,7.101679376117563,2.683640460751021,8.104527479025903,9.181910104625114,5.607358681679723,1.0,1.0,1.0,1.0,1.0,1.0,1.0,7.2807823032136705,1.9911279426853699,5.495010502330374,1.0,1.9406233070838996,1.0,7.340908870917241,2.9091672882542743,6.6112448237591455,1.6070682713361828,6.839230042459764,2.662629394224164,3.142304577794287,1.0,8.165958152058446,10.0,6.424161615928389,1.5362960712114029,6.8101471557387505,2.0435327506608782
DNK,6.606521641156016,5.323862019929888,6.961976027306198,8.527736701550424,5.195386733145602,2.1335136673913064,6.8863371176164385,7.692559882577396,5.840389447226169,2.2710165488123755,1.0,1.0,5.346431135186168,1.310899713937483,2.592147387515034,1.0,6.240011390846345,3.3119018127981583,6.892460049479984,6.349237772443107,5.447548712779339,1.5555554865739347,2.470599688016668,1.0,3.080822243280243,1.0,1.0,1.0,1.0,1.0,1.0,1.0
MOZ,8.530650420077933,6.214557037420069,8.818967555816918,9.16823361288801,5.930434279587273,1.0,7.756766374251848,2.5264291266024372,7.055785295345167,1.4605078819163848,8.232839749050767,4.267882822117671,8.789655827849803,3.5354425912761758,8.977354885514078,10.0,8.47579401554553,5.478240182416346,8.690295565399062,5.929546504935663,7.192306898495309,1.466085822934321,7.130795455984176,1.7669591600351244,5.372407349935273,1.0,8.684105351107648,7.623794304042334,8.870059573003166,9.842069946070259,1.0,1.0
xSR,1.0,1.0,,,1.0,1.0,,,,,,,,,,,1.0,1.0,1.0,1.0,1.0,1.0,1.0,1.0,1.0,1.0,1.0,1.0,1.0,1.0,1.0,1.0
PAN,6.130527115188576,2.723626152622427,7.14941188929499,9.579147335267937,3.9649773400598,1.0,6.883771746352368,6.675806000496025,6.191446304253223,2.901498559160882,4.562580265074441,1.072571992736345,5.249480354798183,1.1595150408890664,4.682064845923976,1.0679423910771322,7.071318255644602,8.203031072599336,7.229542871743737,8.596911179785765,4.794343923157072,1.1156189648290493,5.341385214806529,1.7156255847406137,1.8764418632797262,1.0,1.0,1.0,5.5437209708931,1.6462501458017385,5.639102355511988,1.762576940013672
CRI,5.604060975674896,1.8202879832274825,7.09035877710118,9.83140520381215,3.3425410576353984,1.0,5.609470120963254,1.8278854653859398,5.309155984038551,1.488531598342679,4.849348980111029,1.1951600331510226,5.32587195868489,1.2719524816089844,5.106304858303353,1.454963557292243,7.07970313837472,9.233332810982917,7.2243426030663045,9.504150578020075,3.3259760580395468,1.0,4.564712324514902,1.1347543053515148,1.0,1.0,6.62022126859009,5.244723895437995,2.1142562368127544,1.0,2.1142562368127544,1.0
HRV,6.497766321344795,7.347953413756238,6.712844340074678,9.866749318924004,3.188873079514271,1.0,4.572292457610013,1.2441797064340177,4.612127638820908,1.2653095942288861,1.0,1.0,5.6763029688660405,2.3048778980903735,4.130028764957683,1.04633427257868,5.545572506939952,2.343903838151121,6.581303258535895,6.79554558965681,3.8616021432669334,1.0116042608667934,5.105465802693558,2.093994603530697,1.2781813094956442,1.0,1.0,1.0,1.0,1.0,1.0,1.0
PRT,6.716896056257907,4.51690796825922,7.269965686036766,9.341615071194349,3.8267276454280257,1.0,1.0,1.0,1.0,1.0,5.185014218716672,1.25264090633029,7.717517356442401,8.922044642436344,6.270441051749166,3.4254920344634145,5.846301971638255,1.817939078014589,5.929783217098224,1.798096157965442,6.314458414114663,2.5498495183853422,4.827741820486857,1.1543947449842211,3.7361625201424444,1.0,7.318940266898647,10.0,1.0,1.0,1.0,1.0
QAT,1.0,1.0,6.201186669316943,5.868846054630061,2.614870917539749,1.0,1.0,1.0,4.73201164553122,1.4290991434917213,6.545798773425128,9.326949761805126,3.6725084604639573,1.0,3.951354609695348,1.0281818663956401,5.037892068985667,1.7119429802913948,6.1431457136083,4.6205939207529765,2.3628576674327095,1.0,3.8133601364885226,1.0425027199376329,6.828545797846646,7.945879621246425,1.0,1.0,1.0,1.0,1.0,1.0
KOR,6.2097073285437645,1.311892548953753,8.189699892909175,9.324713928275093,5.934656607375575,1.0,4.976857370584057,1.0,5.235629926491149,1.0,1.0,1.0,6.555559806511808,1.1601022182030525,6.0191074870286565,1.1600602994201885,6.315628782064124,1.361540993068311,7.038990934800191,2.04551112883642,5.506635084249046,1.027276306785825,6.780618577770708,2.326464391646234,4.34012859841836,1.0,8.239981455866623,10.0,1.0,1.0,1.0,1.0
ROU,7.659169158525351,7.794051625837065,7.826867460713604,9.815452738681419,2.8755118760063336,1.0,6.58272293769506,2.228169442672494,5.264465512112428,1.0834450912425815,1.0,1.0,6.239889959241665,1.2759763106624131,5.125822197172877,1.0,7.315949833180985,4.756467051241593,7.5074786921411665,5.13988560369133,7.4701803371715485,5.0930326226999485,6.062953941871012,1.7735111790494233,2.691398256668736,1.0,1.0,1.0,1.0,1.0,1.0,1.0
REU,1.0,1.0,5.773007757411403,7.115392305506358,1.0,1.0,1.0,1.0,1.0,1.0,1.0,1.0,4.328330521912188,1.5722222468362403,1.0,1.0,5.904235833412146,8.182561484513942,5.987109232240437,8.004815747696494,1.0,1.0,1.0,1.0,2.99641430156973,1.0,6.021669436090182,10.0,1.0,1.0,1.0,1.0
SAU,6.228704394729654,1.2002098808676749,8.430121995844939,9.45350411828178,4.927018567502796,1.0,6.128547459732198,1.158722312707041,7.576636551590891,3.2142024578414206,8.397265223732848,9.033237066985716,7.31927087327792,1.5451853100916284,6.5065912513272375,1.3366050430475709,8.433617936632988,8.960193557897618,8.607208928059295,9.240887361315947,6.401076878139696,1.2277912985728496,6.707648790991788,1.7671501599985528,9.342217777648644,10.0,1.0,1.0,3.2779179584139646,1.0,2.702918423345505,1.0
SVN,6.127601052565382,7.289363911253652,6.358253131950953,10.0,1.6366505357172612,1.0,3.838265886178271,1.0990306396782137,4.881337727161428,1.8509740968490245,1.0,1.0,3.6513005078362033,1.0,3.9914689779944323,1.2049600044669948,5.856335689745545,4.941834091028506,6.248715114061731,7.16910478193433,2.487489661974998,1.0,4.234364731403467,1.4264066650787441,1.8970225363692088,1.0,1.0,1.0,1.0,1.0,1.0,1.0
LKA,6.766885698298653,1.9449379662228283,8.116864712134038,9.136851491258753,3.9038092110274993,1.0,7.866457382735636,6.511095058450013,7.771971593737424,5.754750484562348,7.312217343909426,3.3015805550687443,6.096209322571569,1.0,4.914730016318613,1.0,8.073918591425244,8.15104693402764,8.070041749198605,6.719061926732174,1.0,1.0,6.500642553064058,1.9041251564175856,3.466428921103702,1.0,8.181853215749188,10.0,1.0,1.0,1.0,1.0
SWE,6.130054473937781,2.0368439318158553,7.432541542828911,9.23705247881019,4.506028235708673,1.0,7.273190166946401,7.4299446873074055,6.575793689855445,3.144584747052882,1.0,1.0,5.6232051039137305,1.1552795446171937,4.16656249975649,1.0,7.298337551291814,7.32431988473072,7.513599253827939,8.222516668976933,7.085470415027379,4.929956347616383,5.518084536886137,1.544173535860104,1.9372288926991676,1.0,1.0,1.0,1.0,1.0,1.0,1.0
NLD,6.501595258710271,2.1843315429813255,7.773285163962099,9.89134658023479,8.381064401396184,10.0,7.7043502554460925,8.98941550056072,6.512182579290625,2.2052262613666223,1.0,1.0,5.558917988385718,1.0,5.183452323595736,1.0,4.083038241794254,1.0,7.509743374505934,5.5574529318961865,7.787572576675563,8.28948106638331,7.041385078246064,5.321505467829146,2.666136355032315,1.0,1.0,1.0,1.0,1.0,1.0,1.0
SRB,7.088929130111408,7.464417051679388,7.301935935291731,9.999822611840345,1.0,1.0,2.3292580462061183,1.0,1.0,1.0,1.0,1.0,5.544902654796272,1.2530070792734123,4.758357350472779,1.0383357941925988,6.71615456570499,4.428144920728399,7.1794655247313415,6.826910818615443,5.159777159778567,1.2059506161051958,5.857280046715129,2.4259411748842714,1.0,1.0,1.0,1.0,1.0,1.0,1.0,1.0
GTM,7.239599043371033,2.7996769010403466,8.26114779650002,9.979543084237463,3.7795744998342933,1.0,6.174178479170857,1.2774878876105757,6.916130115063101,2.0597600959521065,6.422742764252522,1.4486333134825173,7.694938716801283,2.5697812385056835,7.338517147586578,3.494630510876291,8.242069277643905,9.1785666717032,8.427850272082603,9.67514011487752,1.0,1.0,5.666838547738026,1.0936650891333592,1.0,1.0,7.51513466047594,3.7950279151468522,7.100253011374164,2.435598896438887,7.203660549237547,2.698410505753621
EGY,9.188009392204904,6.842206211906269,9.457295461537452,9.87938816036539,8.10833160305388,2.4507120466151653,9.314940793517042,8.118567277372438,7.154048578985719,1.1704929132162905,9.391510609774574,9.017772868972571,8.237855622864195,1.2728630680361608,7.136117332921686,1.0241611998331197,8.47556059689204,2.7711803858047763,8.753808205845216,3.1598436265881347,9.076228034662815,4.759703112093064,9.24570763516147,9.87893306887415,8.643548419157876,1.756906839880965,1.0,1.0,1.0,1.0,1.0,1.0
NER,8.605488646818761,8.194039469427198,8.749759884793578,10.0,1.0,1.0,7.958201996398492,3.6062220035359953,7.2661983888523665,1.8414137359338518,8.74967016245437,9.998748005487943,7.392489284553334,1.3001793265073458,5.146337687624004,1.0,7.840533096971621,3.0301127436303603,7.770891454017466,2.462224888990622,1.0,1.0,6.983803920527588,1.7510436767346214,9.260208232580203,7.156518856842293,1.0,1.0,8.738732331086695,9.847405015236305,1.0,1.0
PAK,9.799654753878077,7.191835492438777,10.0,9.991728771928347,5.306975136557003,1.0,9.844393912880932,7.6384779953757285,8.976990602845024,2.6861695091872377,9.969688686675706,9.065619439114425,8.634883013552273,1.0857910928827084,8.120395557280013,1.2282394601713902,9.751649217300624,6.3165804594419885,8.831310620707464,1.955700790304204,6.268835854692821,1.0,9.594681847800752,7.129342902010425,10.000000000000002,3.1233898628935535,8.961106074737701,2.6433618677396287,9.602065254238905,5.54807701006008,9.614054302536163,5.634810276675633
PNG,6.046422455132138,1.411578987463269,7.801818237124044,8.345951101715261,5.475185321460729,1.0,7.602873472965655,6.38882865811223,7.338444615571058,4.560612470979408,3.0142731219629466,1.0,6.04333723081061,1.0878787115079391,6.029886726226864,1.4549375662404536,7.202125152334789,3.715179924826857,7.543378164293454,4.782870628272454,4.443103546219543,1.0,6.094201832803408,1.6865090016836253,1.2971600414545716,1.0,6.677227733510309,2.232404018150758,7.893028599462546,9.463628230738463,7.893028599462546,9.464664693871342
UZB,8.632613838483644,9.341247229911206,8.681125071540851,9.993139972822632,1.0,1.0,8.462754431804806,7.405884136107712,8.146117328631954,4.904926792420735,8.590934664400908,8.81865470220686,7.449781107502468,1.4176773394135447,6.154430277665235,1.0,7.473819763431429,2.254602183040674,7.759291223266839,2.603822196219875,8.216012033638934,4.434713661945196,7.397211706413827,2.7380708879523183,7.701675757020112,1.7280776788665249,1.0,1.0,2.8023055575545532,1.0,2.8071909608014023,1.0
CCK,1.0,1.0,,,1.0,1.0,1.0,1.0,1.0,1.0,,,,,,,1.0,1.0,1.0,1.0,1.0,1.0,1.0,1.0,1.0,1.0398910030329904,1.0,10.0,1.0,1.0,1.0,1.0
PER,7.683159436925807,3.562299906234904,8.484223346257105,9.983410433698417,3.7577748459801548,1.0,8.080621561152377,5.792759793181213,8.086823983241565,5.839479603677037,6.592193215361005,1.4062102349459218,7.954735284386973,2.535892124815984,6.807082978762364,1.646804086826453,8.432841218531772,8.768768867918961,8.588845395223101,8.831768069380217,3.6649939711032364,1.0,6.915046441147968,2.0822475936479643,7.947643214566286,2.5175773057012334,1.0,1.0,7.345407643464764,2.4888963274964757,7.457344225344784,2.785288572666073
COD,8.584896106264168,2.686922975971443,9.627843881130325,9.72341981042959,2.93065884805417,1.0,9.052191898343924,4.551772939847904,8.554903371177877,2.606926286400355,8.975453594545058,4.146983173289197,9.486843787715575,2.7818674451311067,10.0,10.0,9.650999527701643,9.378587003659593,9.832678265039888,9.459023582503562,7.4564824377906085,1.1642542145812782,7.983584273597188,1.8610497498851772,6.351506711618978,1.0,1.0,1.0,9.62188388295942,9.6431458561787,1.0,1.0
MNG,4.5289658181747345,1.0671100212521172,7.1678159021931815,9.986104938832128,1.0,1.0,4.842296127053668,1.1647118858147885,4.032470234310937,1.0,2.6325363671485658,1.0,5.423648340112583,1.2838108262876762,3.970691895755629,1.0,4.939513894959576,1.1958294077613327,6.981710715671404,6.3096188063390715,7.18163635414049,8.511794116737843,5.302931846292177,1.6806297734135414,6.934597133390518,4.216700055996542,1.0,1.0,1.0,1.0,1.0,1.0
WLF,1.0,1.0,1.0,1.2664069346815738,1.0,1.0,2.957611172735339,10.0,2.957611172735339,10.0,,,1.0,1.0,1.0,1.0,1.0,1.0,1.0,1.0,1.0,1.0,1.0,1.0,1.0,1.0,2.957611172735339,10.0,1.0,1.0,1.0,1.0
THA,8.384272276076375,6.760352187408884,8.637399610664552,9.538897204086158,5.133987870365884,1.0,7.480717242329067,2.370862336736479,6.798151829034788,1.4217584954926603,8.539609035486396,8.33598671042209,7.013648660879304,1.1191228224055645,7.0506295105072025,1.6965264266033835,8.673165968520173,9.435779568149494,8.749349477112464,8.481295761651184,1.0,1.0,8.066555287768086,6.110692051367953,4.787448194895468,1.0,8.103395374520847,4.710969320835949,6.603213932755377,1.2891728737993524,6.765704563368521,1.3968974493579271
ISL,1.0,1.0,4.996179148172423,5.937629678339806,4.081040591491565,6.712853844256761,3.6262031974988034,1.5230288911151881,5.296528809313681,8.883066653043478,1.0,1.0,1.0,1.0,1.0,1.0,3.594459332679472,1.4807465276698144,3.68369016906461,1.5129556362339032,2.6809467087233645,1.045437569819574,3.0172914614024635,1.2614648125002976,1.0,1.0,1.0,1.0,1.0,1.0,1.0,1.0
xSK,1.0,1.0,,,1.0,1.0,1.0,1.0,1.0,1.0,,,,,,,1.0,1.0,1.0,1.0,1.0,1.0,1.0,1.0,1.0,1.0,1.0,1.0,1.0,1.0,1.0,1.0
CZE,7.255339548066699,7.72315187757261,7.4431414977121175,10.0,1.0,1.0,3.7919468107654053,1.0,5.845785609043556,1.6919856740818477,1.0,1.0,4.9683030317184285,1.0,4.276847015269876,1.0,6.100179048073983,2.015664367859774,7.266870029583993,6.339351345288877,6.860831329387318,3.9905192338622477,5.530073573803719,1.6121233818432084,1.307694085376458,1.0,1.0,1.0,1.0,1.0,1.0,1.0
TKM,7.503066786300087,8.11820841314743,7.650632316140715,9.95097892959673,4.232012419651851,1.0,7.429061782850347,7.34404474054204,7.218730054343583,5.568429623679143,7.6449447486166875,9.872380178905102,6.538719507775899,1.8219148380931418,4.545680387438283,1.0,4.106931891220095,1.0,7.116746700356975,4.046771984110816,7.639132876761291,8.085019443702123,7.1404441273689425,7.161921265548057,7.589894665265438,4.628623722764694,1.0,1.0,2.548985397087982,1.0,2.552844804392425,1.0
CYP,5.8194947148004275,6.707555231032359,5.919588031211443,7.670572452483588,2.0911033151104856,1.0,1.0,1.0,1.0,1.0,5.611758837598323,5.12433185750591,5.029482922975311,2.5295053362515336,2.4122081847669614,1.0,5.863341126305603,6.853685932670371,5.532530385274162,4.036190274866353,1.0,1.0,1.0,1.0,4.9480869623291674,2.0879833164832373,1.0,1.0,1.0,1.0,1.0,1.0
MLT,4.6551979369195635,3.91102337324703,4.780274069823022,4.546440184832194,1.0,1.0,1.0,1.0,1.0,1.0,1.0,1.0,4.674905204859382,4.346690780869689,1.0,1.0,5.211525963269641,7.706346435215144,5.0346258211248465,5.50037803067633,1.0,1.0,1.0,1.0,2.6490484222557957,1.0091896333144585,1.0,1.0,1.0,1.0,1.0,1.0
TJK,7.870042860738113,8.644343403360882,7.970736539490872,9.937341680857449,1.0,1.0,7.907242110814879,9.098904079670753,7.251537058114094,3.902301634701261,7.597740743177749,6.0016930639812225,6.151778706028845,1.1166572296011805,3.480594735605516,1.0,7.744731505885882,6.9261668218521155,7.886986114667817,6.976200605067072,6.222783893496427,1.4308422769138025,5.957626277040426,1.4813098987087778,6.97137105727872,1.8511141476117539,1.0,1.0,4.214097798933395,1.0,4.214229685750971,1.0
JEY,2.045252411499935,1.1730638542495717,3.995729242269599,6.179900227545668,2.055445187760345,2.3172883904935317,1.0,1.0,1.0,1.0,1.0,1.0,1.0,1.0,1.0,1.0,1.0,1.0,3.4740057598721177,3.0574553193138323,1.0,1.0,1.0,1.0,1.0,1.0,4.350824256926051,10.0,1.0,1.0,1.0,1.0
TZA,9.11714129970871,7.773276162295817,9.26063201682741,9.464671252017352,4.1360576455557,1.0,6.062609538243924,1.0,4.798751852819515,1.0,6.517489582667977,1.0359985734178538,8.922914801361554,2.4565445931172327,8.31382542264841,2.8804361717698055,9.260996092089352,8.874364395305445,9.463959491381877,9.308930079813106,1.0,1.0,6.678271010145277,1.0709969339130372,6.531093395318928,1.0,3.5419065610644562,1.0,9.286863478235814,9.816207044892769,1.0,1.0
MYT,5.427663483896121,6.394511557671178,4.431248259613746,2.0974101271619894,1.3360857685487058,1.0,5.756672917850887,9.998791114013557,5.735568439147878,9.709034882897052,1.0,1.0,1.0,1.0,1.0,1.0,5.064028846380307,3.9387437851291063,5.146408859555091,3.9387437851291063,1.0,1.0,1.0,1.0,1.0,1.0,5.756759550675792,10.0,1.0,1.0,1.0,1.0
SSD,7.480915157510211,4.315061735421671,8.119644539837427,9.988561200529544,1.0,1.0,8.02554346617606,8.767352156805611,7.923281216195498,7.6257240732454585,8.105437962395515,9.792700418241797,8.477320290845572,6.890783470301534,8.440596524106656,10.0,8.161152914271172,10.0,8.188062527255743,8.525999773560542,8.038397415910495,7.298838579172583,7.444365734753946,5.6951873167161455,5.497052297242837,1.0,1.0,1.0,8.120402241566424,9.999127813767894,4.308432931753654,1.0
TWN,5.746769313327672,1.3200188133822859,7.7325913048748856,9.57166497648927,6.031754965034106,2.216557787451962,7.733152077230702,9.57912508121831,7.565683710621176,7.6137273233657625,1.0,1.0,6.004665402375445,1.1812438036765545,5.278104251458967,1.0410435267611877,7.588244648933946,7.4623978052886315,7.654507201332889,6.834864764592426,1.0,1.0,6.902917444096065,4.578829087242227,3.7253244790621562,1.0,7.764031835677471,10.0,1.0,1.0,1.0,1.0
PHL,8.592205612542557,3.6411497825505554,9.20794962948304,7.939588521171455,8.02298167414304,2.5192673154953464,9.258256029543126,8.5040189791349,9.15148647714249,7.355887439481721,7.967913640503811,1.9569319529948634,8.082158544152115,1.2416711657203694,7.107771190467548,1.059338333839511,9.009742638918903,5.745335815526934,9.06579720896195,5.03423942792968,1.0,1.0,8.164344767189384,2.89472356960641,5.120512676615917,1.0,9.371785244552377,9.949952247874204,6.249098827157129,1.0,6.188889872899718,1.0
xPI,1.0,1.0,,,1.0,1.0,1.0,1.0,1.0,1.0,,,,,,,1.0,1.0,1.0,1.0,1.0,1.0,1.0,1.0,1.0,1.0,1.0,10.0,1.0,1.0,1.0,1.0
HKG,1.0,1.0,6.64794801524236,7.5718199484839745,5.98177638660247,8.441541745692899,6.847812089717451,9.96422462799296,1.0,1.0,1.0,1.0,4.021264418200305,1.0,1.0,1.0,5.865283148619287,2.829733525948769,6.38858514069338,4.534566674763981,1.0,1.0,4.493194654205386,1.2378626551212253,4.559836430789817,1.062522318482134,6.850380759968692,10.0,1.0,1.0,1.0,1.0
MKD,6.139916989593523,7.5394554274459855,6.3448386637034915,9.990471036937645,1.0,1.0,1.0,1.0,1.0,1.0,4.0391334269005545,1.1727331717256024,5.581234712039762,3.2486228546834988,4.331537846257329,1.5297139219563114,6.114637135647611,7.008821285048697,6.145670749805236,6.3806863310025435,4.935056717054167,1.8294877304091133,4.648604724280503,1.9697791834126708,1.0,1.0,1.0,1.0,1.0,1.0,1.0,1.0
TLS,5.103183375596364,1.7875367514580454,6.5662949552810925,9.20994368888239,3.0284492796538016,1.0,1.0,1.0,1.0,1.0,1.0,1.0,5.361625066221426,1.9559056828584016,4.344562347192832,1.2461316806104286,1.0,1.0,6.771839402569515,9.993038726158238,1.0,1.0,2.390515020091646,1.0,1.0,1.0,6.607855686665301,9.756780258232935,5.189381191693034,1.9118121213796488,5.23744598512163,1.9887138406344302
AUT,6.751935578702906,4.906440354500474,7.287098265444895,9.99874256745268,1.0,1.0,5.623296648320723,1.615971670589679,6.603042499074316,4.089698290812171,1.0,1.0,3.9467265123284783,1.0,4.438283833935217,1.0,5.504597854019284,1.4755269063943242,6.889171257643397,4.830075770949559,5.730585652086884,1.6254786901023817,5.952574622300299,2.7140960695075935,1.0,1.0,1.0,1.0,1.0,1.0,1.0,1.0
ARE,4.789517376458939,1.0564701457460615,7.438701683920971,9.510293447635222,6.4647006660968165,6.083765139665269,4.8433257469956,1.0691603948803745,1.0,1.0,7.406518953411384,9.095699384492036,5.90100882102896,1.363142392504179,5.098895331548351,1.117464237261142,7.166748710269342,6.278152790365818,7.565747269481189,8.99847741891694,4.059414146043707,1.0,6.144999305827692,2.711885506416253,8.378030382058897,10.0,1.0,1.0,1.0,1.0,1.0,1.0
GBR,7.534670481536148,2.3560623461787586,8.705144277212115,9.634299576431127,7.2025330653171915,2.3160207854706427,8.572752334771106,8.029657087951318,8.426032704423605,6.593710929402832,1.0,1.0,7.593746425741776,1.4960710406240594,6.208175515280062,1.0,5.113428755957979,1.0,6.791912912642202,1.2781280958021521,7.3892186516123655,1.851357751772626,6.631487445886556,1.384588193808153,3.5629535722204184,1.0,8.431888916047793,6.645043872559543,1.0,1.0,1.0,1.0
USA,8.967030197191608,3.4619457762115715,9.779318785854796,9.79193114554928,7.933371364915833,1.1778286001366525,9.309095334344462,5.224972789125765,9.193902766690854,4.525474625008204,8.96129520983435,3.439570275643066,9.543344380239255,2.482611956817719,7.861418991071596,1.2392508590086746,8.923715586990893,3.1382229326744615,9.1857600971706,3.5034707206648363,9.488691313296242,5.231151071045577,8.046035189466687,1.7321319695744064,8.220255192747489,1.1424439708112237,9.308670786151973,5.222161021232212,1.0,1.0,1.0,1.0
URY,6.111973227193111,4.002754511640789,6.720326877871301,8.780313395622608,2.691030956164335,1.0,6.7427090499135645,9.055451621515493,6.748173699921917,9.124075181060439,3.410983460129393,1.0,6.228252644545187,3.4813738206693094,6.236002933792018,6.3516111850414045,1.0,1.0,1.0,1.0,6.484724083745425,5.508569688757632,5.125987265996974,1.96068032795927,1.0,1.0,1.0,1.0,1.0,1.0,1.0,1.0
VEN,7.4154547501886885,2.854954265344145,8.382901960672926,9.500752183548494,5.534829400527292,1.0,7.531203642388256,3.23331644183551,7.056729267355511,2.031011239013078,7.773654937436449,4.281284234929967,7.094980122714495,1.3890103279057002,7.968457709964601,5.945556366388152,8.394710444047139,9.111460587397092,8.506819851608741,8.660665063660135,4.622691843767603,1.0,6.658295502120856,1.7713850003780718,6.120962930326021,1.0,8.204302862342262,7.440563085322366,8.251444017407414,7.93073023706928,8.251445106164155,7.931590716942586
VNM,8.926706064548103,7.187162458714976,9.075456908880057,8.797573846341379,9.234566664618495,10.0,8.585835730436752,4.629402981717663,8.391329955156946,3.6690894640144336,8.759058410728322,5.762659353756338,7.414690292291934,1.0200060508684174,7.875583613188659,2.1559225610839485,8.780594168028134,5.596647526602373,9.114221352741227,7.007788379825948,6.01518384834009,1.0,8.87180038186295,9.019457451555002,6.429715207181292,1.0,9.167030340804518,9.988183498797682,5.082928016797784,1.0,4.973378810790949,1.0
TGO,7.683554782132294,6.779224649475835,7.925627754652819,9.421058818804278,2.1597575899284402,1.0,7.7750900760348785,7.664809103030946,7.24967060787888,3.9248169058682705,7.676548703511248,6.7164312253653815,5.272267149970139,1.0,7.732301690416015,8.274604467808107,7.915061257532079,8.793921383533707,8.087592215351691,9.185011145655386,1.0,1.0,5.200633703443602,1.033762120615983,3.8886978001688077,1.0,1.0,1.0,7.966829731995503,9.976808014533079,1.0,1.0
ESH,1.0,1.0,5.672385524789649,8.574342688834443,3.5538228683550166,1.8198792183561894,4.895270362677967,3.234233813043081,4.448048414692879,2.079402980279454,5.19351259978097,4.584264084270114,1.0,1.0,1.0,1.0,4.090554888299752,1.5671517936036081,3.8226796366096036,1.3104404053815875,5.272586300363871,4.531563475770172,4.301772238390354,2.446305355749542,6.53896296066768,10.0,5.736868347183732,9.371908359685538,1.0,1.0,1.0,1.0
ZMB,7.418410572403216,2.567771693831888,8.518586959602974,9.887796643183412,1.0,1.0,8.098316107466776,5.619223906575899,7.928270285859524,4.537107706753636,7.262350177049878,2.214427613410472,8.284163137243095,3.302436263986303,8.915084401476225,10.0,8.257131450040719,6.5509348023249885,8.331716687453975,5.970876600531219,1.0,1.0,6.100440227711589,1.1692061419624553,3.8371095341467947,1.0,1.0,1.0,8.526677297119932,9.99999961975399,1.0,1.0
SHN,1.0,1.0,1.0,1.0,1.0,1.0,1.0,1.0,1.0,1.0,,,1.0,1.0,1.0,1.0,1.0,1.0,1.0,1.0,1.0,1.0,1.0,1.0,1.6716746157993945,6.056896245535025,1.0,1.0,1.0,1.0,1.0,1.0
IDN,9.021884413079505,3.3275408088541596,9.816418783937891,9.098011799646116,7.473552900890083,1.0,9.71576899246552,7.925692452205074,9.437526574645043,5.486627972844604,8.103284249949166,1.499478181373699,8.98197641888095,1.4652468404533012,8.564267599581175,1.9517972832410861,9.6794966850064,7.061830800117104,9.90567558028562,7.542098884580767,5.165984579236568,1.0,8.424994698131457,2.219250258122277,5.596826944845299,1.0,7.608990848418282,1.1855354715193471,8.855394990043798,2.7821183770338846,8.876179171599526,2.8430663207947404
SEN,8.126244311730197,7.028479192682737,8.361195986082654,9.686017383437648,5.2816494111150565,1.0,7.884696250145453,5.132624665340756,7.341859229930858,2.744718694135584,8.164422473767004,7.397827115517697,7.884808155695471,2.6665397284919976,7.334048753240114,3.0031389777384856,7.075069501675937,2.0649723468063854,7.534884096364907,2.8218073621239372,5.452341428626134,1.0,6.778501672222051,2.0229502099038577,7.527170901986635,1.9614094821707482,1.0,1.0,8.364323585859108,9.728257101781619,1.0,1.0
xJL,3.8325151994036606,2.41080053745269,5.0055472237208,10.0,1.0,1.0,1.0,1.0,1.0,1.0,1.0,1.0,1.934108567072558,1.0,1.0,1.0,5.028435952549901,10.0,5.110094478950472,10.0,5.009413925853039,8.962458729562673,1.0,1.0,1.0,1.0,1.0,1.0,1.0,1.0,1.0,1.0
xAB,4.755198175514508,5.400970823004956,5.214466941827679,10.0,1.0,1.0,4.972183638068168,7.1764577039491675,5.214299274364431,9.997660491377403,5.214466941827679,10.0,4.963759883259802,7.417122739773259,5.372936120053874,10.0,5.238549491752305,10.0,4.89908553004687,5.720066109785968,5.303567155187826,10.0,5.1237252652947305,10.0,1.0,1.0,1.0,1.0,5.214466941827679,10.0,5.214387968363527,10.0
xUK,3.2816851694055034,8.541921813058734,3.0705502974949486,6.428963581902311,1.0,1.0,1.0,1.0,1.0,1.0,1.0,1.0,2.2479516309842253,4.407893107487505,1.0,1.0,2.791454318032236,4.449710719457113,2.827768044115397,4.449710719457113,1.0,1.0,1.0,1.0,1.0,1.0,1.0,1.0,1.0,1.0,1.0,1.0
ZAF,8.1082647775109,3.412587631504966,8.903495000172894,9.395041698398598,4.1010543423175925,1.0,6.8049989743020305,1.2477035433109565,7.4085091180783635,1.7642427878491658,7.346156842413311,1.6861876193333492,8.997264443347937,4.016239184718817,8.347550331346046,4.628312390331946,8.400513975877475,4.584855696853712,8.628094114396927,5.0371338424378935,8.252159937803777,3.3806518869471325,5.963809139094398,1.0,7.440931763452896,1.246402549907446,7.608813864297325,2.072091008043318,7.679211869122085,2.2048126769797673,1.0,1.0
MNE,4.835937032620896,3.3196940999406586,5.698466166389368,9.96944455723557,1.7621633425006955,1.0,1.0,1.0,1.0,1.0,1.0,1.0,4.200659184063352,1.9217487702513922,4.366112649539231,3.0606686453670173,5.47555094877593,7.097545988396639,5.575998192100316,7.1882423877891535,4.903775280690978,3.2728100699896023,3.9017643380673284,1.8360918504838881,1.0,1.0,1.0,1.0,1.0,1.0,1.0,1.0
COL,7.798306340592804,3.279711793953645,8.672239554749247,9.976521689784802,5.421954417845408,1.0,7.465878063815071,2.332216587453752,7.145918528850377,1.7799279598776385,7.487539814410908,2.380333951450555,8.060931278228228,2.2676268657989174,6.5277962725836725,1.177145802023474,8.580362452427163,8.279973500514258,8.810006129902712,9.167342152495099,4.9905242812240935,1.0,7.071187806605707,2.0125116185152336,5.618790156877951,1.0,7.446779789196961,2.291100547473338,8.104360951626255,4.701354474326975,8.119806013650626,4.792804165342033
BRA,8.683114903088557,3.305507808001065,9.508185948033432,9.412826278259454,5.432802248670224,1.0,9.223437434055764,6.401683593205108,9.01598791723412,4.903731550751392,8.84981952776143,4.0043627012060306,9.692625647305949,3.824322538200242,8.345616591092476,2.24551863577335,9.234379784923446,6.107633596910971,9.386493470955143,5.993786049281488,7.6316128095469615,1.2941316645247203,7.846482831402302,1.8036329352043399,6.609479702884782,1.0,1.0,1.0,8.096018014610092,1.882206538283937,8.096870590888608,1.8835891318234332
NZL,5.437974177642832,1.6363222294297106,6.922501833734515,8.010714978754404,3.2377484960344445,1.0,6.169223026610366,3.1435469105869736,5.455210858805451,1.6558210741889734,1.0,1.0,5.6884701414366345,1.6320008361445932,4.792602642313475,1.2009381746713164,6.174235791088879,3.061448211744589,6.75310751739449,5.282983097508085,3.275608387245875,1.0,4.723922823947127,1.2320916085074214,3.0084261791627447,1.0,7.0833762877418085,10.0,1.0,1.0,1.0,1.0
xAP,2.9307955341175704,1.0,6.296838165057528,10.0,1.0,1.0,5.383806696788418,3.1473979937222816,3.1295171724052526,1.0,1.0,1.0,5.585733955227286,3.4626950295099634,4.399676356697364,1.6841253762182387,5.907606102852775,5.701235872972747,6.178913775965707,7.105899173179059,2.092569336887222,1.0,4.7048030340821985,2.1678732994612058,2.834507679937141,1.0,1.0,1.0,6.1847544009003546,8.563026538019153,6.23342215399896,9.157735067562252
AND,3.710272143510956,5.659980307000415,4.1330207357215425,10.0,1.0,1.0,2.821092123742213,2.12244690389897,1.0,1.0,1.0,1.0,1.0,1.0,1.0,1.0,4.150923623399713,10.0,4.214794510989401,10.0,2.926071493524708,2.2529887740563286,1.0,1.0,1.0,1.0,1.0,1.0,1.0,1.0,1.0,1.0
GGY,1.0,1.0,3.688724186410071,6.127427359170815,3.152600709664587,10.0,4.049630799114595,9.990149653560845,1.5090391398605494,1.0929176604381174,,,1.0,1.0,1.0,1.0,1.0,1.0,1.0,1.0,1.0,1.0,1.0,1.0,1.0,1.0,4.050337043737265,10.0,1.0,1.0,1.0,1.0
SLE,7.6001065177641784,6.7870308372520185,7.8679154178681205,9.775839815802533,4.432557125731576,1.0,6.749176863354336,2.501074940020567,1.0,1.0,7.614143328055025,6.915058949412376,8.907712907929909,10.0,8.423068178183197,10.0,6.748778011113691,2.422294062438001,7.44156435391006,4.492493404177619,1.0,1.0,5.877353844425269,1.4948439602972803,4.9386263510554596,1.0,1.0,1.0,7.872206513352527,9.834438541045749,1.0,1.0
SVK,6.635515503625662,5.948863092511389,7.019595748830421,9.997008955044706,1.0,1.0,4.421896515797173,1.0776161331687013,4.812224115230313,1.2159106599089398,1.0,1.0,5.149035392434954,1.220029299936714,3.065574231399048,1.0,6.755124880220238,6.6681413267702245,6.57487149510675,4.6026410302719905,6.038123880540704,2.6237885905047404,5.662182237393674,2.6721351624990204,1.0,1.0,1.0,1.0,1.0,1.0,1.0,1.0
NPL,8.191003728106388,6.609197309658583,8.495075801197778,9.99979827533064,1.0,1.0,7.945531626786886,4.819614362555251,7.323585905273713,2.4143262759778383,8.134524167975844,6.13581917953781,7.074706137115286,1.2970360193343338,5.712113352805308,1.0,5.9920538131185985,1.095731950954816,6.004775845972427,1.072594655301473,3.2432925009224065,1.0,6.858639935971258,1.9630138071764986,3.8593295163305386,1.0,1.0,1.0,5.317974776948212,1.0,5.545475547133052,1.0073112567228812
GRL,1.0,1.0,1.0,1.0,3.12112321420261,10.0,1.7365753009667455,1.2725327914444762,2.762466088618212,2.6644346090606135,1.0,1.0,1.0,1.0,1.0,1.0,3.677112364996817,7.891187000953035,3.7208560337754704,7.782133828814823,3.027166745962441,3.3856069091268144,1.0,1.0,1.0,1.0,1.0,1.0,1.0,1.0,1.0,1.0
BVT,1.0,1.0,1.0,1.0,1.0,1.0,1.0,1.0,1.0,1.0,,,,,,,1.0,1.0,1.0,1.0,1.0,1.0,1.0,1.0,1.0,1.0,1.0,1.0,1.0,1.0,1.0,1.0
BWA,5.398735816104768,1.7189445459531698,6.973970164469627,9.999067589761259,1.0,1.0,5.032281607906553,1.3705186826661215,5.351205786456991,1.6619606637681597,6.908670830730221,9.132083139845243,7.0842785609372525,7.038260467056517,5.263797615287392,1.848108495818383,6.74291744328035,6.973301195125359,6.986566997448314,8.244792179044833,1.0,1.0,5.367632023479752,2.0998237121226984,5.315305787914587,1.364751400860495,1.0,1.0,6.520240487354155,5.438862645688184,1.0,1.0
LBR,6.972593765940751,4.226784852122729,7.628166981691656,9.984895370272412,3.607265813850269,1.0,6.924125860826173,3.988904159744444,5.630465288510946,1.3318412842004739,2.647165963460985,1.0,6.997448847554106,2.7735080417697047,7.154593315894799,6.443675912063549,6.9203737627855695,3.817111222170486,7.558100495996415,7.218129260461307,1.0,1.0,6.889505570967119,5.352086641970248,3.1076008164857405,1.0,1.0,1.0,7.5775989240963995,9.307037185185157,1.0,1.0
ERI,7.021480822375755,6.737537841726862,7.2476464081099685,9.156734850521621,3.491315772621914,1.0,6.959002158451167,6.204510819352633,6.742088134264645,4.7047836959000735,6.747154424337687,4.734418045086158,5.743311971276719,1.4010426925972936,3.2149295240391806,1.0,7.31964594612511,9.626584964522339,7.305855269402922,7.959305945592341,1.0,1.0,4.086321111049102,1.0,7.869314748980344,10.0,1.0,1.0,7.250008481439416,9.186694401845795,7.250008481439416,9.187696951425755
CXR,1.0,1.0,1.0,1.0078376488960488,1.0,1.0,1.0,1.0,1.0,1.0,,,,,,,1.0,1.0,1.0,1.0,1.0,1.0,1.0,1.0,1.0,1.0,1.1754986716660465,10.0,1.0,1.0,1.0,1.0
HMD,1.0,1.0,1.0,1.0,1.0,1.0,1.0,1.0,1.0,1.0,1.0,1.0,1.0,1.0,1.0,1.0,1.0,1.0,1.0,1.0,1.0,1.0,1.0,1.0,1.0,1.0,1.0,1.0,1.0,1.0,1.0,1.0
VAT,1.0,1.0,1.0,10.0,1.0,1.0,1.0,1.0,1.0,1.0,1.0,1.0,1.0,1.0,1.0,1.0,1.0,10.0,1.0,10.0,1.0,1.0,1.0,1.0,1.0,1.0,1.0,1.0,1.0,1.0,1.0,1.0
GNQ,6.65456485108837,7.3854244163676945,6.8501824673455936,9.653711061311142,2.47750296687395,1.0,6.338021193245924,4.892914508815942,6.233261783938156,4.301127229079094,1.0,1.0,1.0,1.0,2.8507156599400636,1.0,6.586456714696341,6.465101481032879,6.918197642610254,8.613241676581705,4.0552155108756125,1.0175282847744858,5.328043413855724,2.223908476620758,3.351186883608373,1.0,1.0,1.0,6.8108600634994545,9.141482369663223,1.0,1.0
UGA,8.96172024631667,8.12907803334981,9.097149005458256,9.797463725819899,1.0,1.0,7.464449068364303,1.634120342758753,4.41909367672987,1.0,7.611764947949657,1.8180958088068393,8.43947809378188,1.981106931852146,8.1851841808204,3.139185867508515,9.157955601828371,9.996891676286669,9.320618688530454,9.960217589823065,3.889803551718694,1.0,5.400808578812121,1.0,3.545874849996228,1.0,1.0,1.0,9.099754536561957,9.833085188955312,1.0,1.0
HUN,7.128000006529623,7.432285682826526,7.3422263758242625,9.972214986683735,1.0,1.0,1.0,1.0,1.6878766289401765,1.0,1.0,1.0,5.92307061768173,1.5355325578367047,3.217447234990738,1.0,5.966617700742338,1.959582600214775,6.605065941021728,3.257577230295541,5.265169177981756,1.2350649148818413,5.993829209214354,2.665275669949098,1.3153008916215696,1.0,1.0,1.0,1.0,1.0,1.0,1.0
xRI,1.0,1.0,2.51138776909454,3.5982021351573583,1.516517511208912,5.707990840268453,2.9156029313306764,5.9104212458994105,2.5874846936875766,3.9314081513206967,1.0,1.0,1.1033548998088203,1.7157840501597363,1.0,1.0,2.870895987780659,5.503125055806099,2.913146635114171,5.532956987591328,1.0,1.0,1.0,1.0,1.0,1.0,3.3048855927630996,10.0,1.0,1.0,1.0,1.0
IND,10.0,8.538286250280322,10.0,9.885680219964291,7.329720720743816,1.0,10.0,7.00351120492183,10.0,4.705565778125585,10.0,9.269763580514953,10.0,1.2315531880199067,9.35761989743865,1.4304009180845545,9.88929970003572,2.5738568986381014,9.339419642226142,1.4675864168515842,6.6289627365356,1.0,10.0,3.6983622462002326,9.291482693975292,1.04364710728281,10.0,4.230468625494198,10.0,6.986304613469229,10.0,7.180755034507756
JOR,7.350927941298394,4.592753816077793,7.939419092158907,10.0,1.0,1.0,7.430817029759249,5.073364677516424,7.682412802751108,7.036399996968606,7.859305690278422,8.948023375594198,6.792374909784935,1.6921398953021602,3.36775351768064,1.0,7.226957864762317,3.7934300062578963,7.522624515905573,4.625597318577625,6.775073265688238,2.1734386666572423,4.0820727474721075,1.0,7.948467072459053,4.753945094060528,1.0,1.0,1.0,1.0,1.0,1.0
LBN,6.933763021208984,5.393789954226611,7.394009740100486,9.999102773506465,3.055798514907509,1.0,7.043841953781524,6.2193933838072555,5.1411158299935416,1.195268205628596,3.0312277682988205,1.0,6.708690623772667,2.7757852400076244,3.5856473271171136,1.0,5.40788760109886,1.3238410685661235,5.629772611727404,1.4147939850225655,4.824760485315963,1.0646920180454797,3.3334124624086194,1.0,5.624376238524361,1.2479668985365904,1.0,1.0,1.0,1.0,1.0,1.0
LBY,7.346367585140381,7.277077912516676,7.5329066114222165,9.388420551469721,4.913711214685378,1.0,5.964525740406446,1.672529785909124,5.767394910872066,1.4731878166167518,7.258231160730109,6.471264671341773,6.886688625601834,2.6525359963139357,5.4102219610054965,1.2504262125067527,5.098427555883002,1.1040085790656542,6.485130634380711,2.27943123940444,7.506965051486295,7.519604394946721,5.5813755777082505,1.5144291871256361,7.903239160161453,7.276390593254932,1.0,1.0,1.0,1.0,1.0,1.0
BGD,9.598311482518923,9.257461267236556,9.640668669203654,9.818313955960898,9.132373752277978,7.0003736033966035,9.587073279161515,9.114676347718431,9.301246199480598,6.200339738100679,9.531391474399243,8.442444784117429,8.264869859955482,1.1417513763688156,6.549816332403931,1.0,8.202745326924662,1.8294160317257377,8.421701141954685,1.9355439177100755,1.0,1.0,9.501941108848676,10.0,6.555678789237673,1.0,9.593995962915724,9.202339704916767,7.765514273941847,1.409974612296142,7.695284321713263,1.3588286809709194
PSE,5.4911685379105695,1.274799365899816,7.584237273134617,9.998050238802247,1.0,1.0,1.882154531218756,1.0,3.783915473595717,1.0,6.596485156975437,2.9044117986302114,6.103166408923948,1.4219601983041188,4.356281191758063,1.0,7.227097882687103,5.88455798085584,7.401830346968328,6.25902668399387,7.297466569218075,5.68965365224919,2.670118261960283,1.0,6.1977308005215495,1.4999308403195482,1.0,1.0,1.0,1.0,1.0,1.0
MDA,6.583148523050422,7.730363054130443,6.770259912806262,9.999978824167018,1.0,1.0,5.477704121532806,2.159069119236976,1.0,1.0,1.0,1.0,6.066939330611828,3.1321035184962915,2.1133470593626447,1.0,6.300919486329143,5.132212086615993,6.522552629211601,5.918860563132605,6.548535621108323,6.324371478658967,4.600557422272704,1.3757496988433666,1.3321844271275691,1.0,1.0,1.0,1.0,1.0,1.0,1.0
SPM,1.0,1.0,1.0,1.5006717067648647,1.0,1.080768696770174,1.9227356095288606,10.0,1.9227356095288606,10.0,,,,,,,1.0,1.0,1.0,1.0,1.0,1.0,1.0,1.0,1.0,1.0,1.9227356095288606,10.0,1.0,1.0,1.0,1.0
MWI,8.396602796880762,8.318032821807517,8.480316389638267,9.334000550697755,1.0,1.0,7.292500026761054,2.269556858457198,6.449427578744087,1.2820312622676362,6.823342699828288,1.5711795319539519,6.795547874599756,1.0962436643738533,7.275974963714343,2.396836982335017,7.807937398103093,3.737388313636799,8.226605688408279,5.213142146073594,1.0,1.0,5.786704848970238,1.0363252260171114,3.213759962016621,1.0,1.0,1.0,8.529854459716358,9.999650786322887,1.0,1.0
TUR,8.69623373419615,6.394760858390884,9.004234881186289,9.710734374410887,4.878149277249007,1.0,8.33632991937972,4.066230597326204,7.828270586329829,2.356487601110483,8.22084071575528,3.553331668521303,8.260874276543245,1.8701962809365633,7.92895429230721,2.6541131375058438,8.38358751389644,4.092048578144657,8.556593886212733,4.205136544770498,7.744735423700879,1.9336205035785097,6.722414681267841,1.2310867530748046,7.898019938200122,1.5122812456069408,1.0,1.0,1.0,1.0,1.0,1.0
UKR,7.856606619806893,6.054683194699031,8.20282584690937,9.663930429297524,4.7615538553996695,1.0,6.265041149194367,1.356177582272005,6.553185288591802,1.6048963452864642,1.0,1.0,7.27586544342499,1.8668163115155871,6.234167747091095,1.334923373852876,7.344262346258056,3.126477123747442,7.660885172186321,3.8467434816428034,7.669369189730334,4.023899928443274,6.632209850256777,2.0504746061397015,4.220954074975017,1.0,1.0,1.0,1.0,1.0,1.0,1.0
YEM,7.687957117785427,2.2492189896470833,8.904166339981591,9.57776060920665,5.390207185143596,1.0,8.096082554501143,3.416527341799323,7.723006728368693,2.3232970358068603,8.170657701948349,3.7206466414407138,6.946678306340634,1.0,5.1335117276356454,1.0,8.944812713229183,9.518160077016855,9.115218693847035,9.6395634232436,1.0,1.0,6.574118654694425,1.1981920840981437,9.769815271815029,10.0,7.174113114482095,1.518043718546049,8.559111370091795,6.013151353891558,7.924529819791662,2.8362257980376544
ARM,6.363378667679559,5.918925621315717,6.737126595058607,9.800870369113062,1.0,1.0,6.721579003442839,9.591167673294578,4.941462601540241,1.4738709668424042,3.619151680088688,1.0,4.520213932280946,1.055273077567946,2.5624504819976233,1.0,6.619507438498584,7.97698449915639,6.637502249040526,7.032211356079173,3.469609886830973,1.0,4.537461837682175,1.3403754010325177,4.259896412347315,1.0096725973082805,1.0,1.0,1.0,1.0,1.0,1.0
IRN,8.228210933143604,3.3634743757046497,9.06934718247987,9.835975421358636,6.787796607950578,1.0,8.527954677008237,4.797496682879544,8.770347273447566,6.550227864210627,8.756080707653812,6.428029983569608,7.699506655794289,1.2278395199959253,7.718715994523879,2.0386270815984346,8.79197359705711,6.357494686660494,9.026326402075895,7.017252793896716,7.7751345604563085,1.893278133134769,7.7470635928721965,2.569198355670869,9.583859711282518,6.643675232178638,6.327271282177831,1.041723213746053,3.3502806535431784,1.0,3.3502806535431784,1.0
NGA,9.978868658281863,8.752060647789444,10.0,9.941537475489364,5.575895065451999,1.0,9.983892450578857,8.812777929241374,9.832263896701793,7.1715374508102645,10.0,9.07523889706645,8.740742757982154,1.118206783995157,9.1383992485131,2.7696523398861648,10.0,8.3990139944862,10.0,6.610049396044229,1.0,1.0,8.427352444071605,1.8671121185657262,7.524879473818988,1.0,1.0,1.0,10.0,9.993879574659656,1.0,1.0
BEN,8.098860839662715,7.893532077567537,8.242276730042402,9.613559391922559,2.922568265481292,1.0,8.048091637871634,7.369879480209225,7.703303161241262,4.714720756621625,7.955489877320572,6.513773495904426,7.571934694326925,2.2829523896225505,7.4559811429928535,3.9480490919380524,8.27519529410412,9.501808593481602,8.421996297175495,9.493186693954826,1.0,1.0,6.214903470147572,1.4364106326407726,4.413223952248741,1.0,1.0,1.0,8.269443486261691,9.98423288221777,1.0,1.0
CMR,8.361061266929116,6.09791932620678,8.725892174431614,9.993358421606994,4.02769795204011,1.0,8.706057747080076,9.720938220151401,8.544071948656006,7.780984578782414,8.146629950584469,4.642581824366084,6.870594221258393,1.0198622973906573,7.9943816651516775,4.091641684329661,8.606418474867095,7.985757443052828,8.477679109607985,5.543661839342443,1.0,1.0,7.091296978362733,1.9535654460427716,6.011120461291064,1.0,1.0,1.0,8.72144030001234,9.931489273458784,1.0,1.0
BLR,6.9823002502373654,5.929254549092702,7.36880619995434,9.995420938832417,1.0,1.0,5.658762723497752,1.567293401827995,4.751381926205364,1.0725612586063356,1.0,1.0,5.813864841235039,1.4001863490950714,4.650353247257405,1.0,6.7166540202071054,4.085719939341251,7.013090029869222,5.070837197579893,6.940960424939867,4.802939482790187,5.477425707332401,1.6405839356970988,2.0590354051672928,1.0,1.0,1.0,1.0,1.0,1.0,1.0
BOL,7.2389083308719915,3.8868710381300318,7.9653118529021665,9.990675701566115,1.0,1.0,7.574930272456154,5.89687051604884,7.283812647627109,4.099371183851954,7.360400946631891,4.497382312778269,7.316488953787915,2.5392740104710625,7.075171129830244,3.7650265052251894,7.926932325387147,8.969127968697018,8.057549340063366,8.85187528668652,5.429220200829878,1.0694630705710146,5.96231061941179,1.4955572300471704,7.5251767399094245,2.9862435223132193,1.0,1.0,7.324429774755586,4.304615839248082,7.360993238556686,4.501074969144022
KHM,8.024512583999034,7.936481534196442,8.166904189314312,9.653326132904448,3.978191437641301,1.0,7.067371848362956,2.5260546122560354,7.354113170880568,3.420174400379453,8.156703507008906,9.517469860970161,6.771832901277009,1.3525060022664213,7.6047652374464,5.20174762613091,8.228294377221754,9.93038528381798,8.33666985158428,9.429984505405363,1.0,1.0,7.67538003732569,6.982306077919329,5.869231772942095,1.0,8.190628127505203,9.97763963024075,8.0214788483827,7.903831367563989,8.061493007256088,8.347845671156982
ITA,8.161748707637178,7.122890316426323,8.355130655674813,9.270481820525509,5.778165165683343,1.0,6.961160113589072,1.8930223384556815,6.691549100320003,1.5595562455371703,6.0044450876269835,1.1356360836024342,7.445472136028855,1.7890172442990708,6.767506478524608,1.7077608188777864,8.283578918000005,7.939622924646906,8.333162993685761,6.9803545294097304,6.295094707628058,1.207485557990832,6.704913514814363,1.8560551878505582,4.060019255516174,1.0,1.0,1.0,1.0,1.0,1.0,1.0
TUV,1.0,1.0,1.0,1.0,,,3.2069792064171,9.044200717939002,2.522813698715696,3.755210082480086,1.0,1.0,,,,,1.0,1.0,3.2087474579825046,8.392280540980938,1.0,1.0,1.0,1.0,1.0,1.0,3.1749564063604296,8.653974350314785,1.0,1.0,1.0,1.0
MUS,5.553000541264197,5.103617546259182,5.800620304605333,7.043359657526687,,,4.061828936424675,1.334266724699408,4.061828936424675,1.334266724699408,1.0,1.0,5.344282723475909,3.656000978581952,1.0,1.0,1.0,1.0,6.186028041473218,9.961364080815345,1.0,1.0,1.0,1.0,1.0,1.0,6.056887078461079,10.0,1.0,1.0,1.0,1.0
GLP,1.0,1.0,5.183676752468965,8.326263913406503,2.430302302351686,1.0,1.0,1.0,1.0,1.0,1.0,1.0,3.892171460533615,2.203007909857714,1.0,1.0,1.0,1.0,5.428043679011582,9.988546389147308,1.0,1.0,1.0,1.0,1.0,1.0,5.316230111267862,10.0,1.0,1.0,1.0,1.0
DOM,7.136663770753902,4.009571870693666,7.799285141573202,9.482956075572455,4.798416936136138,1.0,6.886605378601329,3.0212346674417248,4.744139042472687,1.0,6.000904873277584,1.4514119701468564,6.108762445476915,1.1897109964903414,5.28998686157231,1.0087899681352237,1.0,1.0,8.003689562403121,9.835547131898355,1.0,1.0,5.319716258116326,1.1338562273738453,2.164757571873172,1.0,7.837431139635434,10.0,1.0,1.0,1.0,1.0
PRI,5.656627432574682,3.311437497844946,6.509149301076386,9.800765818713407,3.6085685147377147,1.0,5.621755326437621,3.1862196924217456,3.520327075051193,1.0,1.0,1.0,5.4964279328328525,2.441310773809329,2.1426183314130522,1.0,1.0,1.0,6.660859019882791,9.906711161389042,1.0,1.0,1.0,1.0,1.0,1.0,6.523584909359682,10.0,1.0,1.0,1.0,1.0
MHL,1.0,1.0,1.0,1.0,3.9401472754129108,10.0,4.17038049026413,8.88845178739786,4.170047256913723,8.884371131979067,1.0,1.0,,,,,1.0,1.0,4.1556533493545516,7.805723134835493,1.0,1.0,1.0,1.0,1.0,1.0,4.249310523335939,9.916256129388717,1.0,1.0,1.0,1.0
BMU,1.0,1.0,2.937277855669846,2.5952154604129913,1.0,1.0,4.030136459571908,9.934399387829194,4.030136459571908,9.934399387829194,1.0,1.0,,,,,1.0,1.0,4.1140659217591935,10.0,1.0,1.0,1.0,1.0,1.6238690064869812,1.2109035999722382,4.034854349764546,10.0,1.0,1.0,1.0,1.0
BES,2.122325456453404,1.7735590884707566,3.5204911304380815,8.302750663260266,1.315384139450292,2.5637441359006052,1.0,1.0,1.0,1.0,1.0,1.0,1.0,1.0,1.0,1.0,1.0,1.0,3.7244129971123976,10.0,1.0,1.0,1.0,1.0,1.7913331704797977,1.6967086750373859,3.6551129110878833,10.0,1.0,1.0,1.0,1.0
BRB,1.0,1.0,5.01941766857677,8.255850925678361,1.0,1.0,1.0,1.0,1.0,1.0,1.0,1.0,1.0,1.0,1.0,1.0,1.0,1.0,5.266715790344403,9.999996441876057,1.0,1.0,1.0,1.0,1.0,1.0,5.158184860201908,10.0,1.0,1.0,1.0,1.0
KNA,3.458474114102458,4.743891996557924,3.588337870322878,5.58987575784744,1.0,1.0,1.0,1.0,1.0,1.0,1.0,1.0,1.0,1.0,1.0,1.0,1.0,1.0,4.099614806848651,10.0,1.0,1.0,1.0,1.0,1.0,1.0,4.020770823581378,10.0,1.0,1.0,1.0,1.0
GRD,1.0,1.0,4.339722502299724,6.43586934474931,1.0,1.0,1.0,1.0,1.0,1.0,1.0,1.0,1.0,1.0,1.0,1.0,1.0,1.0,4.689048395609731,9.0899296009121,1.0,1.0,1.0,1.0,1.0,1.0,4.663925392969178,10.0,1.0,1.0,1.0,1.0
VCT,1.0,1.0,4.207523893531773,5.8027133088731695,1.0,1.0,1.0,1.0,1.0,1.0,1.0,1.0,1.0,1.0,1.0,1.0,1.0,1.0,4.705238229472922,10.0,1.0,1.0,1.0,1.0,1.0,1.0,4.610989182681578,10.0,1.0,1.0,1.0,1.0
BHS,1.0,1.0,5.048126900412745,6.072481777150516,3.5852124021972314,3.329922147858729,5.368368167346563,9.350776643618573,5.285283312351806,8.339954294074099,1.0,1.0,3.3921453686154672,1.3852087083197173,2.581455620522612,1.002246125490755,1.0246478879106373,1.0,5.531077482009133,9.988653774907965,1.0,1.0,1.0,1.0,2.3809997366343496,1.0,5.416635369178897,10.0,1.0,1.0,1.0,1.0
KIR,1.0,1.0,1.3366545486795256,1.0,4.296430520246041,10.0,2.966018385037594,1.3020578212919154,3.4262885717455447,1.7056220793032488,1.0,1.0,1.0,1.0,1.0,1.0,1.0,1.0,5.081691864473038,9.530702354731643,1.0,1.0,1.0,1.0,3.708768088010306,2.1711485572251625,1.0,1.0,1.0,1.0,1.0,1.0
COK,1.0,1.0,1.0,1.0,1.0,1.0,1.4293175268719551,1.3939448377784167,1.0,1.0992620719099269,1.0,1.0,1.0,1.0,1.0,1.0,1.0,1.0,3.375191903734535,9.670671670624518,1.0,1.0,1.0,1.0,1.0,1.0,3.3388121206743877,10.0,1.0,1.0,1.0,1.0
CUW,3.9052365363636925,3.2548576152955153,4.761478751354529,9.64107551340944,1.0,1.0,1.0,1.0,1.0,1.0,1.0,1.0,1.0,1.0,3.93196280196282,5.979366823266869,1.0,1.0,4.822976912782993,9.174844385008605,1.0,1.0,1.0,1.0,1.0,1.0,4.787720281641258,10.0,1.0,1.0,1.0,1.0
BLM,1.0,1.0,2.574828455064229,4.794554846495324,1.0,1.0,1.0,1.0,1.0,1.0,1.0,1.0,,,,,1.0,1.0,3.1841322278642354,10.0,1.0,1.0,1.0,1.0,1.0,1.0,3.1285751036542377,10.0,1.0,1.0,1.0,1.0
NIU,1.0,1.0,1.0,1.0,1.0,1.0,1.0,2.061750495578004,1.0,1.0,1.0,1.0,1.0,1.0,1.0,1.0,1.0,1.0,1.7914502911562185,10.0,1.0,1.0,1.0,1.0,1.0,1.0,1.771318404647313,10.0,1.0,1.0,1.0,1.0
MAF,1.1758736618650203,1.0910943352163323,3.433181658461198,6.729473876981304,1.9967690735178056,5.6207342532426905,1.0,1.0,1.0,1.0,1.0,1.0,1.0,1.0,1.0,1.0,1.0,1.0,3.793880163121884,9.98811488783188,1.0,1.0,1.0,1.0,1.0,1.0,3.7236652889630335,10.0,1.0,1.0,1.0,1.0
FSM,1.0,1.0,1.0,1.0,1.8755898922084508,1.1065420834230875,4.677819167220592,9.979820754020677,4.672777641419709,9.909893056054575,1.0,1.0,1.0,1.0,1.0,1.0,1.0,1.0,4.768444788717348,9.907272871198638,1.0,1.0,1.0,1.0,1.0,1.0,4.679266790777327,10.0,1.0,1.0,1.0,1.0
BHR,1.0,1.0,5.646475593630147,4.1113734151549135,3.939355233421293,1.3091859912186694,6.324355634165828,9.974338495106363,6.149603163901226,7.841401670352601,6.326022805261934,9.997568008585375,1.0,1.0,1.0,1.0,1.0,1.0,6.46503528832125,9.997568008585375,1.0,1.0,1.0,1.0,5.389478074458852,2.450337136233882,1.0,1.0,1.0,1.0,1.0,1.0
MTQ,3.1147181092756657,1.2815890487321973,5.133140068695836,9.164502821494919,1.1879957536768653,1.0,1.0,1.0,1.0,1.0,1.0,1.0,1.978237641998942,1.0,1.0,1.0,2.1420949400690477,1.0,5.290494072771171,9.798728706406076,1.0,1.0,1.0,1.0,1.0,1.0,5.195942919383835,10.0,1.0,1.0,1.0,1.0
ABW,1.0,1.0,4.455933137518356,9.146899475550857,1.0,1.0,1.0,1.0,1.0,1.0,1.0,1.0,1.0,1.0,1.0,1.0,1.0,1.0,4.519693074665023,8.827392889128937,1.0,1.0,1.0,1.0,3.711493585361485,3.71109445889917,4.520126566641769,10.0,1.0,1.0,1.0,1.0
VGB,1.0,1.0,3.382129493381819,5.793608282556024,1.0,1.0,3.7759936532934937,9.850331175400928,1.0,1.0,1.0,1.0,,,,,1.0,1.0,3.859545386214602,10.0,1.0,1.0,1.0,1.0,1.0,1.0,3.7868079776551387,10.0,1.0,1.0,1.0,1.0
TKL,1.0,1.0,1.5293955297975304,4.09793038969257,1.0,1.0,1.366238605850917,3.3914315390770304,1.366238605850917,3.3914315390770304,1.0,1.0,,,,,1.0,1.0,2.2434877437912086,10.0,1.0,1.0,1.0,1.0,1.0,1.0,2.2118575145614647,10.0,1.0,1.0,1.0,1.0
TTO,5.96169702025797,6.62684912436075,6.244094637537344,9.729543392939796,1.637268841680367,1.0,1.0,1.0,1.0,1.0,1.0,1.0,1.0,1.0,4.771771503683032,2.4378292702460542,1.0,1.0,6.401156941153657,10.0,1.0,1.0,1.0,1.0,1.0,1.0,6.263769312680818,10.0,1.0,1.0,1.0,1.0
AIA,1.0,1.0,2.7852058277371157,5.5534513221153405,1.0,1.6199690217226792,1.0,1.0,1.0,1.0,1.0,1.0,1.0,1.0,1.0,1.0,1.0,1.0,3.28074249911517,10.0,1.0,1.0,1.0,1.0,1.0,1.0,3.2227279280659316,10.0,1.0,1.0,1.0,1.0
CYM,1.0,1.0,4.013363711679726,7.396529277260136,2.6825048995928356,6.2981843484915645,1.0,1.0,1.0,1.0,1.0,1.0,1.0,1.0,1.0,1.0,1.0,1.0,4.3175524140369514,10.0,1.0,1.0,1.0,1.0,1.0,1.0,4.2331648164416995,10.0,1.0,1.0,1.0,1.0
MSR,1.194376361210498,2.321921172142581,1.956728210845915,5.462372982081675,1.0,1.0,1.0,1.0,1.0,1.0,1.0,1.0,1.0,1.0,1.0,1.0,2.221098376338782,7.6690798019666335,2.2458506859637724,7.6690798019666335,1.0,1.0,1.0,1.0,1.0,1.0,2.407152349986897,10.0,1.0,1.0,1.0,1.0
MDV,1.0,1.0,3.032441416737414,1.0831525518979483,,,1.0,1.0,1.0,1.0,1.0,1.0,,,,,1.0,1.0,5.722733440273959,9.907047904501692,1.0,1.0,1.0,1.0,4.7826233391911845,3.0322589369765875,1.8688148003421228,1.0,1.0,1.0,1.0,1.0
DMA,3.002059875005587,2.2884369598810737,4.0697874241532705,8.01290523869571,1.0,1.0,1.0,1.0,1.0,1.0,1.0,1.0,1.0,1.0,1.0,1.0,1.0,1.0,4.244096287940618,9.087800115645297,1.0,1.0,1.0,1.0,1.0,1.0,4.230460993586521,10.0,1.0,1.0,1.0,1.0
WSM,1.0,1.0,3.2942242050086215,1.2286347336213572,,,5.47202905127738,9.953919196283621,5.47202905127738,9.953919196283621,1.0,1.0,4.880592752858332,4.753309391532834,2.424632424325404,1.0,1.0,1.0,5.581784418208713,9.860132519393655,1.0,1.0,1.0,1.0,1.0,1.0,5.475339534015372,10.0,1.0,1.0,1.0,1.0
PLW,1.0,1.0,1.0,1.0,1.0,1.7568774104295373,3.3369180672663985,9.999805182997756,3.3369180672663985,9.999805182997756,1.0,1.0,1.0,1.0,1.0,1.0,1.0,1.0,3.397927396278067,10.0,1.0,1.0,1.0,1.0,1.0,1.0,3.3369320277275794,10.0,1.0,1.0,1.0,1.0
ATG,4.234449288754522,7.296094752075606,4.423116548119216,9.441572311974575,1.6426805581682302,1.1351396918621863,1.0,1.0,1.0,1.0,1.0,1.0,1.0,1.0,1.0,1.0,1.0,1.0,4.554837851770362,10.0,1.0,1.0,1.0,1.0,1.0,1.0,4.4644144948153075,10.0,1.0,1.0,1.0,1.0
CUB,7.0665585512842135,5.921051021387985,7.444706560041837,9.864929927325312,4.709524204167128,1.0,4.507828260559217,1.00776142800416,1.0,1.0,6.413264819908534,2.747653637319692,6.835590393270459,2.9169533900140925,5.916996669570348,2.054153090097567,1.0,1.0,7.6227710478925115,9.997927475261013,1.0,1.0,3.927929873157948,1.0,3.272526587016,1.0,7.4544581145444155,10.0,1.0,1.0,1.0,1.0
VIR,3.400425446528777,3.045431297835075,4.266429114780854,8.981557010916154,1.0,1.0,2.4988717244036582,1.4444370007326577,1.0,1.0,1.0,1.0,1.0,1.0,1.0,1.0,1.0,1.0,4.431106788630061,10.0,1.0,1.0,1.0,1.0,1.0,1.0,4.343830742060257,10.0,1.0,1.0,1.0,1.0
TON,1.0,1.0,3.0071944348311987,1.371286151047157,,,3.4611539019630833,1.8369138684270956,1.0,1.0,1.0,1.0,1.0,1.0,1.0,1.0,1.0,1.0,5.029781901769246,9.717163184791819,1.0,1.0,1.0,1.0,1.0,1.0,4.947867201576051,10.0,1.0,1.0,1.0,1.0
CPV,1.0,1.0,5.2734425332472625,4.895436080813172,,,1.0,1.0,2.1819958109551703,1.0,1.0,1.0,3.167752648025343,1.0,1.3825919829062814,1.0,3.3624068915998393,1.1168703974749001,5.710770456072108,7.399058600109065,1.0,1.0,1.0,1.0,6.0348745749770725,9.223332682272464,5.810491154147357,10.0,5.107337787318263,3.9982366892996866,1.0,1.0
COM,4.36778423229398,1.3331225116827519,5.839723919788681,4.9706366656087,2.0530390441231052,1.0,5.46796309960256,3.204450879080459,1.0,1.0,1.0,1.0,1.0,1.0,1.0,1.0,4.51720099763576,1.426324517280483,6.50242371027535,9.970217469500653,1.0,1.0,1.0,1.0,1.0,1.0,6.364597866649417,10.0,6.362526043010533,9.97113350174462,1.0,1.0
SGP,4.9189384919995485,1.3450144376950166,6.62738019995307,6.912133836254482,1.0,1.0,6.897733998770226,10.0,6.897733998770226,10.0,1.0,1.0,1.0,1.0,1.0,1.0,1.0,1.0,7.051668496906887,10.0,1.0,1.0,1.0,1.0,1.0,1.0,1.0,1.0,1.0,1.0,1.0,1.0
JAM,6.174050570670039,4.819838165874116,6.705658711007917,9.753425747910896,4.0195735216659845,1.0,5.0315529073486465,1.5861002182508757,1.9130284118438503,1.0,1.0,1.0,5.45907373768975,1.9196508287209975,4.791699520029749,1.5767903755495427,1.0,1.0,6.872960679266621,10.0,1.0,1.0,3.7042518107438203,1.0,1.0,1.0,6.723571918927,10.0,1.0,1.0,1.0,1.0
SXM,3.5071559771538086,6.1644125428831575,3.4769971967310553,5.9266609902075675,1.1479556789198764,1.4945318886012662,1.0,1.0,1.0,1.0,1.0,1.0,1.0,1.0,1.0,1.0,1.0,1.0,3.9389245512682973,10.0,1.0,1.0,1.0,1.0,1.0,1.0,3.8641679984114736,10.0,1.0,1.0,1.0,1.0
VUT,4.097807143793242,1.6381517631987008,5.181580942188193,4.757485943713269,3.49340896809528,1.7935760847030382,4.987548569966274,3.76618623578094,4.160309086881295,1.7115663352758332,1.0,1.0,2.537335188544975,1.0,2.4648527588907365,1.0,2.389029817782518,1.0,5.847285900267755,9.757875731017206,1.0,1.0,1.0,1.0,1.0,1.0,5.74157244600652,10.0,5.690686597467652,9.316911109479623,5.694358611539586,9.365462027350784
SLB,5.408841660651026,3.151534839829329,5.9888001124532515,6.371202402513637,4.581556110553978,3.055432698233671,6.2494936521467785,9.059065484223616,6.199881927354717,8.461435037604792,1.0,1.0,1.0,1.0,1.0,1.0,2.8791167873085257,1.0,6.44079597236996,9.748580543542532,1.0,1.0,1.0,1.0,1.0,1.0,6.294213197491025,9.638187198020702,6.27337805945977,9.363420838319863,6.273088018540605,9.360681291841933
FJI,4.901942015347528,2.138914226978196,5.91802814123297,6.76013638737997,5.048307730583703,6.713720984040436,1.6985753031407524,1.0,1.6985753031407524,1.0,1.0,1.0,2.002351321910889,1.0,2.723368727535367,1.0,1.0,1.0,6.338993045082253,9.973492821348978,1.0,1.0,,,1.0,1.0,6.205088902863508,10.0,1.0,1.0,1.0,1.0
LCA,3.950407483295834,3.101220889247096,4.699009996693839,7.826359574124497,1.0,1.0,1.0,1.0,1.0,1.0,1.0,1.0,1.0,1.0,1.0,1.0,1.0,1.0,4.9782115924380435,10.0,1.0,1.0,1.0,1.0,1.0,1.0,4.877019003108936,10.0,1.0,1.0,1.0,1.0
STP,5.349916229999604,7.720816109961037,4.358575286005791,2.396269609025773,1.0,1.0,3.4853891014102283,1.2983502415851131,1.0,1.0,1.0,1.0,1.0,1.0,1.0,1.0,1.0,1.0,5.65638459841195,10.0,1.0,1.0,1.0,1.0,1.0,1.0,1.0,1.0,5.528188005024668,9.864902929866368,1.0,1.0
HTI,7.428536294040928,4.924035375753787,7.948322964794736,9.825787514164375,4.354656136952057,1.0,6.005819408877633,1.3611566741952956,4.533629299045897,1.0,5.752965197920774,1.215733266638644,5.5581739638376115,1.0,4.444272068549868,1.0,1.0,1.0,8.141558123811091,9.985672112974504,1.0,1.0,4.8738312087785545,1.0,4.672259563348424,1.0,7.9609279523380785,10.0,7.047721438948088,3.146796632026548,1.0,1.0
NRU,1.0,1.0,,,,,3.5330884543381913,9.632639143645099,3.5330884543381913,9.632639143645099,1.0,1.0,,,,,1.0,1.0,3.577224207477301,9.350461038270481,1.0,1.0,1.0,1.0,1.0,1.0,1.0,1.0,1.0,1.0,1.0,1.0
TCA,1.0,1.0,3.633786468746946,6.650636551086667,1.053120458107208,1.1876940372678706,1.0,1.0,1.0,1.0,1.0,1.0,1.0,1.0,1.0,1.0,1.0,1.0,4.009711344190185,10.0,1.0,1.0,1.0,1.0,1.8567593610898254,1.4423253852978015,3.9331542086595572,10.0,1.0,1.0,1.0,1.0
SYC,1.0,1.0,2.680697101199704,1.3004730698214813,,,4.384492105093059,6.260453304446373,4.6725791468694595,9.236739495171168,1.0,1.0,1.0,1.0,1.0,1.0,1.0,1.0,4.826882748468076,9.997668861230009,1.0,1.0,1.0,1.0,1.0,1.0,1.0,1.0,1.0,1.0,1.0,1.0
