iso3,river_flood_absolute,river_flood_relative,coastal_flood_absolute,coastal_flood_relative,tropical_storm_absolute,tropical_storm_relative,agricultural_drought_absolute,agricultural_drought_relative,drought_spei_absolute,drought_spei_relative,drought_spi_absolute,drought_spi_relative,heatwave_frequency_absolute,heatwave_frequency_relative,heatwave_duration_absolute,heatwave_duration_relative,heatwave_severity_absolute,heatwave_severity_relative,extreme_heat_absolute,extreme_heat_relative,fire_FRP_absolute,fire_FRP_relative,fire_frequency_absolute,fire_frequency_relative,sand_dust_absolute,sand_dust_relative,air_pollution_absolute,air_pollution_relative,vectorborne_malariapv_absolute,vectorborne_malariapv_relative,vectorborne_malariapf_absolute,vectorborne_malariapf_relative
RWA,4.43963489705204,1.0,1.0,1.0,1.0,1.0,7.991315441972219,7.55287186919275,1.0,1.0,1.0,1.0,8.372696075995394,10.0,8.244064754916987,10.0,1.0,1.0,1.0,1.0,6.955869915806128,1.5263161863763077,2.856015228727075,1.0,2.148526305527421,1.0,8.193395551032589,9.969240710349217,1.0,1.0,8.057016065970648,8.257878956190275
ASM,,,1.0,1.0,4.289759540851375,10.0,1.0,1.0,,,,,1.0,1.0,1.0,1.0,1.0,1.0,,,1.0,1.0,1.0,1.0,1.0,1.0,1.0,1.0,1.0,1.0,1.0,1.0
AGO,6.8559154448407735,1.470072340855047,4.808158115845397,1.0,1.0,1.0,8.012969331276214,3.2097407005379446,8.798993454517722,8.598033120920723,8.845780457997485,9.170572368030438,8.95603751624434,8.206347642220587,8.87059683678919,8.82499284265039,1.0,1.0,7.703442974705611,2.3396296063482875,8.619554823262687,2.92415403946927,9.06611651731813,10.0,8.034362712647079,1.9659735914425045,8.907960416026333,9.99798908247692,1.0,1.0,8.894601011889018,9.813497213298822
ATA,1.0,1.0,1.0,1.0,1.0,1.0,1.0,1.0,1.0,1.0,1.0,1.0,1.0,1.0,1.0,1.0,1.0,1.0,1.0,1.0,1.0,1.0,1.0,1.0,1.0,1.0,1.0,1.0,1.0,1.0,1.0,1.0
BLZ,4.47553919470432,3.3767628830381557,3.538006278397588,2.1428765924724416,5.68746144002327,10.0,1.0,1.0,4.081420852916226,1.6816177722071548,1.0,1.0,5.639707673760473,8.02899415425499,5.5587587615387175,8.02899415425499,1.0,1.0,4.7899854358903315,3.201488686694317,4.426817234853308,2.3647069348773453,4.166625935550917,2.465278967099537,1.496013818325336,1.0,5.543489133606559,8.197383131142793,3.563724647402692,1.2580711643248208,3.563724647402692,1.2580566447485209
BEL,5.596507364093659,1.6169396771251385,6.084603907079172,3.5900931009176413,1.0,1.0,6.696564954660678,3.389661038801619,7.48255680259447,9.198929508225064,7.542648662298509,10.0,7.499054039729449,7.599804566813491,3.2268701221664076,1.0,7.517462525288017,8.112426723323129,1.0,1.0,6.024747863354117,1.4028901772849385,5.670864462180676,1.4965037649908721,1.95593532270497,1.0,7.542648662298509,10.0,1.0,1.0,1.0,1.0
UMI,,,1.0,1.0,1.0,1.0,1.0,1.0,,,,,1.0,1.0,1.0,1.0,1.0,1.0,,,,,,,1.0,1.0,1.0,1.0,1.0,1.0,1.0,1.0
BTN,4.1839514158116575,1.8733319283406946,1.0,1.0,1.0,1.0,4.009151040671686,1.3515568274720198,4.178062438456605,1.4825301683474783,4.456693136145894,1.7886017988757537,3.574833484136019,1.1156779202020994,3.1738423061014203,1.0291271251623846,2.222857757357249,1.0,1.0,1.0,5.180020821431391,3.4335773941973966,4.796721467482191,3.38164405909468,1.0,1.0,5.978242276753263,10.0,3.717593635477333,1.1919204713667295,3.7174556880263534,1.191849790996028
ATF,,,1.0,1.0,1.0,1.0,1.0,1.0,1.0,1.0,1.0,1.0,1.0,1.0,1.0,1.0,1.0,1.0,1.0,1.0,,,,,1.0,1.0,1.0,1.0,1.0,1.0,1.0,1.0
AZE,6.013298224269645,2.070772789244648,1.0,1.0,1.0,1.0,7.290377096606825,6.077125237006794,7.419171149610532,7.2068797019791075,7.432160757362109,7.333716602914909,7.3089954085354965,5.123234102052823,6.702086882286709,2.8847017017006586,6.762904447744707,2.8473703394830734,6.795105809507225,3.3253557341367115,6.534117409074881,1.8173296814864577,4.694806164825112,1.0,6.474945895184163,1.7976683298638685,7.585678608790632,9.041010291711041,1.0,1.0,1.0,1.0
xSI,,,1.0,1.0,1.0,1.0,1.0,1.0,,,,,1.0,1.0,1.0,1.0,1.0,1.0,,,,,,,1.0,1.0,,,1.0,1.0,1.0,1.0
ZWE,5.175110914336148,1.0,1.0,1.0,5.438122081681424,1.0131453816418605,8.094578852582465,7.049989600569648,7.096883937186673,2.236797126974506,7.978565017655599,6.04821821503589,8.329380174831241,7.629535959953079,8.052860550816593,6.266624999944985,4.747366878821358,1.0,7.330758976571129,2.810250969525963,8.187740816981451,3.7596264518939657,8.01015531564874,6.432323229589448,5.8710587595746855,1.0,8.350035741077557,9.998518307276727,1.0,1.0,8.347415071044054,9.962026108352877
FRA,7.047968972103819,2.04408712422026,6.33813153407265,1.0,7.224413691390788,1.8739332091265402,7.961846553094006,3.901894684788581,8.561848238097044,8.426693550256314,8.615614942290945,9.073482672282566,8.678833848787308,7.687155884759457,8.075899005549322,4.224641619471694,7.758979455972326,2.7004373532505324,4.226400670741109,1.0,7.703292322844085,1.6917821437166292,6.212945444131522,1.0,3.9655651415990953,1.0,8.678947902382365,9.90708718917389,1.0,1.0,1.0,1.0
SGS,,,1.0,1.0,1.0,1.0,1.0,1.0,1.0,1.0,1.0,1.0,1.0,1.0,1.0,1.0,1.0,1.0,1.0,1.0,,,,,1.0,1.0,1.0,1.0,1.0,1.0,1.0,1.0
IOT,,,1.0,1.0,1.0,1.0,1.0,1.0,,,,,1.0,1.0,1.0,1.0,1.0,1.0,,,,,,,1.0,1.0,1.0,1.0,1.0,1.0,1.0,1.0
SUR,5.856557740121488,10.0,1.5916377074178438,1.0,1.0,1.0,5.433176807620111,5.1128105687466645,2.134667536445919,1.0,2.0706869595870687,1.0,6.022463213930964,9.54016338156955,5.936464767100346,9.561620595133345,1.0,1.0,4.418244391615612,1.7942312513464902,2.2732548413197713,1.0,2.8969468545582675,1.0,2.0503866952921723,1.0,5.935408428082269,9.996808576196772,3.776637039437837,1.2396823579250007,3.864328156645202,1.2873023352241826
MAC,4.591703411541577,4.5566266700751665,4.984491018167277,10.0,5.554341286288674,10.0,1.0,1.0,5.554341286288674,10.0,5.554341286288674,10.0,5.209214705932835,5.4917673441949875,1.0,1.0,1.0,1.0,1.0,1.0,,,,,1.0,1.0,,,1.0,1.0,1.0,1.0
RUS,7.56910950343298,2.0111027870333587,5.395876796265999,1.0,6.487437926129756,1.047463494640565,8.566900672440807,4.276985989577485,8.322168430486808,3.222240532737944,8.94574774214952,6.933622231328789,8.439614450649985,3.014651465986438,7.923409086998332,2.0772088940655156,9.252400570918908,8.438683169301974,6.575584840594837,1.0675126077424038,8.380425311830344,1.726717284199269,7.3811367311679295,1.334452371281386,6.07546609456632,1.0,9.189658986934289,9.669628614970042,1.0,1.0,1.0,1.0
xFR,,,1.0,1.0,1.0,1.0,1.0,1.0,,,,,1.0,1.0,1.0,1.0,1.0,1.0,,,,,,,1.0,1.0,,,1.0,1.0,1.0,1.0
SDN,8.037163305365898,3.8941462064835966,2.117760864513433,1.0,1.0,1.0,8.65159719147977,5.797626365782628,7.663593074082673,1.9818676721482333,7.955677354170215,2.588792800613326,9.012834219662869,7.243278716074161,9.025062490383338,8.895746561823408,7.076492786175538,1.2721360624461568,9.051283699615169,9.938024143159932,8.887671013516549,3.1788656422259836,7.203336638954463,1.3339449757502302,9.669194283802511,8.901830654203032,9.04313013999312,9.8257206916322,9.038000049398342,9.756270813613137,9.038565155699986,9.763455736491528
MMR,7.905777473878738,4.613079144301014,7.9507093491349465,6.220929659544719,8.559506770171234,7.287883028374741,8.497099038219028,6.705156538291063,7.871973606878962,3.1292444319763284,7.68039139655918,2.563570953497625,8.78940888791732,7.721046407666231,8.715802043426967,8.39981639320704,1.0,1.0,8.616657788730407,7.872776074602176,8.566721914283193,3.1962092089224834,7.782047666640992,2.8279320196740456,6.1516921327892735,1.0,8.785427700640982,9.932120936670078,8.607029401920395,7.770989803075687,8.594311413019348,7.637951710554664
SOM,7.266799122826537,3.3314371983626008,5.175176556149415,1.0,6.689825242370132,1.5351701681782175,7.738950715023586,4.0427106781035285,4.597135203338242,1.0,6.559533199345019,1.4216783422301524,8.548121144753843,9.12437066789254,8.416075119098592,9.119936637872376,1.0,1.0,8.042679726859904,5.90405426231349,7.540115754621045,1.8948430549434485,5.153546431147143,1.0,9.202318743632508,10.0,8.35373672433984,8.961088530394171,8.417756785548532,9.793076870534902,8.41822859394055,9.799018377738495
DZA,6.373773463925113,1.1834288095177206,1.3193911281912225,1.0,6.777869964263273,1.3096146295737234,8.42756289413667,5.949009579729018,7.636899184868241,2.4064100926086414,7.755574174608116,2.705606740108639,8.76164032720348,7.231051146625764,8.450415915559685,5.744475757170769,8.057155821845459,3.2204317027651017,8.586973730961413,7.346297088176911,9.04455891171115,5.092037097091806,7.029559845058733,1.428198897455761,8.890426037150643,4.9838514407533445,8.799570289301556,9.830397371253511,1.0,1.0,1.0,1.0
GUM,,,1.9785840508502384,1.0,5.058856675417177,10.0,1.0,1.0,4.964540985315672,8.77466068582806,4.964540985315672,8.77466068582806,4.846673657702259,6.604877934933919,4.779560798410695,6.604877934933919,1.0,1.0,1.0,1.0,1.0,1.0,1.0,1.0,1.0,1.0,1.0,1.0,1.0,1.0,1.0,1.0
CAN,6.542586908809218,1.8808408448090752,5.215579636487085,1.0,6.725038927491788,1.7399945290051866,7.63998504879282,4.293748438211234,7.834196944455865,5.469348017631294,7.957457958758171,6.419239855277157,5.354764757417652,1.0,4.588418027444572,1.0,8.334431565806849,8.801784645774974,1.0,1.0,7.166910824635373,1.6407909042873734,5.42596547342572,1.0,4.52922195247409,1.0,8.256418881313,9.62817006144341,1.0,1.0,1.0,1.0
GHA,6.656256016857428,1.4453633895313538,4.758573419990462,1.0,1.0,1.0,8.529038561893152,7.508804121433374,8.217773838955665,5.001841205078889,8.239410429059323,5.140057947860841,8.85443762100056,9.050165147323803,8.68591283004326,8.668520466752206,1.0,1.0,8.39355132925628,6.269528475666094,7.240119849679246,1.208725255851066,8.450057164791499,6.474314658308613,4.9791985816173145,1.0,8.68966063687753,9.354223007909143,1.0,1.0,8.73144205737847,9.913614236940758
CIV,6.6766390779362705,1.4432576255788745,3.008540804818476,1.0,1.0,1.0,8.381942118977657,5.998835850291626,8.402984031828627,6.165921255777786,8.424289962709384,6.340692604540063,8.92102333511603,9.60352220382587,8.787463526261474,9.665229111377878,1.0,1.0,8.234387206652567,4.967222054032896,6.6524792032105005,1.0,8.074752096060601,4.034711816010265,2.094235699097086,1.0,8.755371980104533,9.938290643652726,1.0,1.0,8.758644153109952,9.983758149170844
xJK,6.43165550790739,2.1842945533098703,1.0,1.0,1.0,1.0,7.869610693534806,8.21967429862006,7.506570356584183,5.096304780556431,7.317131895402488,4.039728794707826,7.336997686649436,3.464144285593546,7.5532532132420265,5.114618050604723,6.293855891372535,1.4651257921322722,7.273678974850776,3.8377189942006775,6.448354287813244,1.2787368215233652,5.491046310089434,1.0,6.142226370380845,1.1826378864415443,8.01153928658603,9.999241906061465,5.799388844973314,1.2137550074260037,5.665849144991662,1.1572771319853008
GRC,4.563479678391209,1.0576215914046192,4.249938207963153,1.0,1.0,1.0,6.65393333176131,4.218408429407456,5.4065790170804355,1.3968090340192083,4.994608294802056,1.1682233269397344,6.435404978377235,2.845573921667671,6.553156581130857,3.5869493996376347,5.914889783850936,1.8295438180675605,5.825080443297722,1.8362832730397023,7.552672294183267,7.5271469166163865,5.852234247259144,2.162713367263549,3.4983702946010227,1.0,7.243727822392824,9.0925094863078,1.0,1.0,1.0,1.0
SYR,6.569015625437277,1.7062082031248964,3.19447092730179,1.0,1.0,1.0,8.231974739418984,7.655916747639628,6.079652878749503,1.1569576514752944,6.5756933568623115,1.4398676838159479,8.253947573898573,6.249664123698475,8.388139400060806,8.857115229213075,7.5453029265461256,2.8434950478705296,8.314637497130418,8.568724668928859,8.566775932269486,5.073166006005112,7.304450155886254,2.634387226811958,8.337255533967372,4.422107551871248,8.425852827225205,9.994647923174869,1.0,1.0,1.0,1.0
GUF,4.91581801593486,6.700245900255867,1.0,1.0,1.0,1.0,4.312357093629085,2.2145337969782,1.9349890422820373,1.0,1.0,1.0,5.633586204746037,9.272395817855802,5.559869958449463,9.363762187128742,1.0,1.0,4.173501800852213,1.9639335596371361,3.4979204249432194,1.3126736295078167,3.5480862405189146,1.5923297477638658,1.0,1.0,5.37488147838716,7.578808821773463,5.473475889317806,8.669081993901125,5.447478707000873,8.365086092248157
BFA,5.427396500407127,1.0,1.0,1.0,1.0,1.0,8.4818735162238,8.628845869012816,4.397015369382916,1.0,5.620029954974321,1.0045259376273552,8.523792027575006,7.147414326908184,8.387472764900176,7.099545869459199,1.0,1.0,8.58837921568546,9.999999999999998,7.661170159296608,1.7935694314428199,7.326418112484873,2.252169506774943,7.717339432309828,2.047594059970507,8.588287968427537,9.99872672810961,1.0,1.0,8.58837921568546,9.999999999999998
MYS,7.4062988757819515,3.938027221644204,5.675263345463611,1.0,4.642576330538881,1.0,7.2280797776607955,2.3486117111624933,8.292793490040033,8.288593451431634,8.334085239497137,8.77148701446183,8.269406575013065,6.354469463910335,8.025461204610185,5.463929295395386,1.0,1.0,6.6910029308888355,1.5402905075661806,6.251133848998387,1.0,6.883845752859351,1.779093422619245,3.4845394804569154,1.0,8.369669533907102,9.212908157842145,2.8708649351657174,1.0,3.8416305097448085,1.0
KAZ,6.873445158050464,2.606794605409109,1.0,1.0,1.0,1.0,7.78611553309716,5.2414739621567525,8.122312156036902,8.167775579121626,8.180554231379963,8.846631889901836,7.257217738601561,2.4364077647448013,5.936240845878793,1.1497831561188336,8.065741703179864,6.297767004867699,7.531760749074866,3.8410438291514164,7.793153689890584,2.8149813471787835,6.363147455987349,1.3722224062581123,7.728427570595089,2.8567845134009087,8.263510437511679,9.924597141641893,1.0,1.0,1.0,1.0
PRY,5.7984476910529406,1.8729934123462244,1.0,1.0,1.0,1.0,6.951897061378061,4.485422946055728,7.531603092772441,9.61689241481874,6.980441473417811,4.645612027400934,6.983027199295837,3.9178180269786433,6.27458590932601,2.1068600978548284,1.0,1.0,7.32808247146459,7.280391667812282,6.218145382202737,1.5741779860982774,6.869996580593046,4.747648494974154,3.234242756183447,1.0,7.55453890115974,9.928935600072723,1.0,1.0,1.0,1.0
SWZ,2.70669338776422,1.0,1.0,1.0,5.933631872914978,4.495237335720049,6.177989574690988,6.127440290958006,1.0,1.0,1.0,1.0,1.0,1.0,1.0,1.0,5.497981864125826,2.5193451925868278,5.389453093250578,2.464491162013597,6.329810238754794,5.556631903518284,6.023818193907838,6.789416834876539,3.1910216748989035,1.0,6.539522574426673,9.99890817654565,1.0,1.0,3.9263280163721364,1.073689247707531
POL,6.190128370557321,1.4603449509506436,5.290596105596098,1.0,1.0,1.0,7.723758575915705,4.8649155560105495,7.013540306123748,2.238804738281786,8.239417274139583,9.638995503580778,8.238177347049659,7.5813857870669406,7.082064588160534,2.2968557114434422,7.68012497367192,3.9403444813758473,1.0,1.0,6.476148107121416,1.102472626138446,5.427777416923128,1.0,2.53679524058955,1.0,8.261735973428056,9.943268642240358,1.0,1.0,1.0,1.0
MDG,7.485669983664927,3.0601220447784487,7.108308246857128,2.272290905639054,8.721510038793728,10.0,7.212422498299141,1.8055881442438242,7.290422740331085,1.9196206874685053,7.626650445302904,2.6022622901824826,8.576710170688468,6.413939373674485,8.137572690732622,4.35642327325874,3.978343735745156,1.0,7.543613049554338,2.3996275461061143,8.171925976801818,2.3917538866586128,7.694840651071177,2.798711642258931,6.296140553591885,1.0,8.667512336664913,9.276843804711964,8.691029865822362,9.584927797807417,8.691029865822362,9.584444793382978
PCN,,,1.0,1.0,1.0,10.0,1.0,1.0,,,,,1.0,1.0,1.0,1.0,1.0,1.0,,,,,,,1.0,1.0,1.0,3.9020166802215264,1.0,1.0,1.0,1.0
BIH,4.630436783539459,1.651656241908332,1.0,1.0,1.0,1.0,6.372501360766739,7.6343516518505155,5.221093514120242,2.057519234955162,6.456479674100162,8.559676340087451,6.329097519498083,6.07844636047252,5.373828746382928,2.297190764923758,3.810805435501372,1.0301438495774846,1.0,1.0,4.519338270491319,1.1755904044820051,4.480861130331963,1.395264857345936,1.0,1.0,6.568843759227775,9.999931851014622,1.0,1.0,1.0,1.0
NOR,4.989869300397293,1.5447955255794716,4.67642899129624,1.2657702837106564,1.0,1.0,5.752231295934591,2.227556984017098,6.499757012391536,5.062640855339358,6.987108446903891,9.685571435647336,6.718567615513221,5.615824368378675,6.274698342116983,3.6942877525562396,6.586568933338769,4.9314697734979225,1.0,1.0,4.347087164966677,1.0,3.1759808227078423,1.0,2.7690663519536867,1.0,6.918370564523942,8.80669099900549,1.0,1.0,1.0,1.0
OMN,5.695833207854539,2.3540728559675363,4.7334842385056195,1.0,6.978065723420199,7.230720504806697,6.01973792087664,2.3610147745719687,2.0892615210429977,1.0,1.0,1.0,6.4777489681499905,3.3055349582766422,5.167969554571605,1.2853696612984336,3.13441364725764,1.0,7.083591670906426,8.34235695831013,5.762410661555654,1.5401463003845839,4.520104918275902,1.0,7.967280258163754,10.0,7.030015770657499,7.755493135751169,1.0,1.0,1.0229038207845509,1.0
MAR,6.597627553257791,1.5299083038854397,4.695797517092906,1.0,8.598091094191407,9.999999999999996,8.36530319085522,7.268479732729326,7.117896291225593,1.8462445127606908,6.485577564682178,1.2641208350176654,8.430904495338744,6.256651599597145,8.285870945645144,6.1326506554469455,8.10932080135322,4.38030873102962,8.202219337334595,5.860089585985175,8.09533991349914,2.5592967088846734,5.498998279110863,1.0,8.567957735799341,4.582192634659361,8.593271929320888,9.93299640099012,1.0,1.0,1.0,1.0
IRQ,8.648793689474951,10.0,5.417958007630861,1.0,1.0,1.0,8.192672207999024,3.7876879233256404,2.923470082907582,1.0,7.451598306683733,1.8319419428644772,9.083502120960205,9.296413144307815,8.994153847835348,9.98414321339867,6.082560681968764,1.0055524343966296,8.941147683006918,9.990735892401196,8.853609036563892,3.5311958416031564,8.024427910578973,3.050958534734974,9.165276429689317,5.73898132656818,8.941201789110842,9.991490208276725,1.0,1.0,1.0,1.0
SMR,,,1.0,1.0,1.0,1.0,3.5657902934312506,10.0,1.0,1.0,1.0,1.0,3.0936769468343446,4.986067799535405,1.0,1.0,1.0,1.0,1.0,1.0,1.0,1.0,1.0,1.0,1.0,1.0,3.5657902934312506,10.0,1.0,1.0,1.0,1.0
TUN,5.697798917341453,1.4281522091028012,5.800064645157464,1.617874112042157,1.0,1.0,7.417209847403459,5.830068082569487,6.4408248458921395,2.008420748170683,7.276466171180919,4.873899566733558,7.203428830994792,3.7287255720109065,7.492993914663439,6.080587013697918,7.627830806785341,6.489777408023348,7.540734082607919,6.857500163917088,6.800930413052857,1.9226277837711985,5.265392473655461,1.0,7.867448426241722,5.729897280523696,7.6521589969634185,7.967130934780279,1.0,1.0,1.0,1.0
DJI,4.618696915103964,1.8495817651925255,3.047292622267703,1.0,1.0,1.0,1.0,1.0,1.0,1.0,1.0,1.0,6.005472798857852,4.916685317330724,5.9227586576543745,4.944993607256676,1.0,1.0,5.930575673779316,5.205512180760937,3.7145933345620743,1.0,1.4330175255267266,1.0,6.919373776039654,10.0,5.810806455772665,4.483964691084983,5.067643437529229,2.0515514028887942,6.249185616532081,7.915790321037692
NFK,,,1.0,1.0,1.9260547615154238,10.0,1.0,1.0,,,,,1.0,1.0,1.0,1.0,1.0,1.0,,,,,,,1.0,1.0,,,1.0,1.0,1.0,1.0
MNP,,,2.4859715719098086,5.833279201286748,4.129811018895248,10.0,1.0,1.0,2.6146019030403354,1.7972032486895957,2.6146019030403354,1.7972032486895957,3.2533598094958194,3.087917229692364,3.2140454737124466,3.087917229692364,1.0,1.0,1.0,1.0,1.0,1.0,1.0,1.0,1.0,1.0,,,1.0,1.0,1.0,1.0
ECU,7.024999335300013,3.730463602127046,4.633105276729552,1.0,1.0,1.0,7.267086707498391,3.440128445485397,7.800093759503705,6.6454538396941745,7.790740818880439,6.5636835924789985,8.088779398529,7.788932373565651,7.739828124455361,5.788877438870143,4.337925726225405,1.0,1.0,1.0,7.674264260509522,3.0642231847016435,6.025443620234423,1.2468150312428665,5.593151923068049,1.0,8.094319655737989,9.920386134331332,5.355206334887857,1.0435900746374247,5.4021550505231755,1.0536384855995935
ARG,7.465020147938189,3.3643232715561937,4.2097137349622695,1.0,1.0,1.0,7.997554896779665,4.413935730814916,8.275799176764455,6.281449349728065,8.293192701260589,6.4268236861291035,7.480252684951962,2.156560410882827,6.526999798597755,1.255547692955575,8.467289881828968,6.673738630623205,7.480340844339198,2.4934711802342444,8.161382878560843,2.657401766808399,7.906505337230941,3.9904297487593734,6.526176631370571,1.056952809494683,8.596582278174655,9.699728619213204,1.3841908579562112,1.0,1.3841908579562112,1.0
TCD,7.40342774442375,3.4536735348569225,1.0,1.0,1.0,1.0,8.010435413559474,4.968277327107225,8.3499361660953,7.744630951964063,8.480888266207234,9.26654946890756,7.875519038722899,3.47000188979499,8.538983359549615,9.365411996581509,8.041581035649735,4.3592061002474365,8.524072001855455,9.839336219064482,8.091440249586142,2.737264348174722,8.070172525586889,5.378816226654525,8.680807124876841,5.632894480468616,8.53541687658693,9.99621876782494,4.620228510304466,1.0,8.436478891544937,8.71579974720986
AUS,6.350151904882113,1.8506617470250324,5.68699658815993,1.0,7.49880462606882,4.445386177460168,7.079041787718976,2.7656408137826594,7.348859940363196,3.718308609255452,7.489686080448276,4.39623175982747,6.083459430932539,1.2429642281127482,5.413646133771578,1.0467353269885489,7.924063978615641,6.4336435726535495,6.624906233674476,1.8336817600368702,7.820302990251051,3.4789947320184096,6.880025296967746,2.4466836292250864,5.5019904661011,1.0,7.881016213965157,7.267613889271113,1.0,1.0,1.0,1.0
LIE,2.8000594727085057,4.817288998528306,1.0,1.0,1.0,1.0,2.9426841535972637,3.518589287385581,3.755759578919168,10.0,3.755759578919168,10.0,3.823582199737398,10.0,1.0,1.0,3.2146011502383613,4.635707026942206,1.0,1.0,,,,,1.0,1.0,3.755759578919168,10.0,1.0,1.0,1.0,1.0
LTU,4.095580817286912,1.1949084856638394,2.7985983318361676,1.0,1.0,1.0,6.190292510976729,6.058478596884512,2.098997168830267,1.0,6.5182798659884345,9.428585410494826,6.262017420474471,5.643977033271936,6.4369945051209925,8.020822191785552,6.042172614850515,4.444996220665606,1.0,1.0,4.303703875787159,1.065695748530664,2.127637115084557,1.0,1.0,1.0,6.559154297675155,9.980263876732181,1.0,1.0,1.0,1.0
MCO,,,1.0,1.0,1.0,1.0,1.0,1.0,1.0,1.0,1.0,1.0,1.259517000987311,1.163948638958614,1.2549892116501118,1.163948638958614,1.0,1.0,1.0,1.0,1.0,1.0,1.0,1.0,1.0,1.0,,,1.0,1.0,1.0,1.0
NIC,5.0983432046340535,1.1817629638191327,4.280027299738241,1.0,7.565674507065278,10.0,7.016279585474416,4.820597206476252,3.6815216830302306,1.0,5.1401097023036595,1.1286564144366646,7.604325786097538,8.470753397460063,7.569776458060421,9.460578091784187,1.0,1.0,6.7547763017553635,3.5273252289547097,6.417527984646011,1.8136094202350557,6.0778444499500335,2.04916080645612,1.0,1.0,7.54583804326246,9.727353063491211,7.0132703520960575,4.802784233780825,7.030040237984817,4.904100277845093
CHE,5.43405200367495,1.72131032858274,1.0,1.0,1.0,1.0,6.8705227465038465,5.584412349561454,7.277632105200654,9.643181944070042,7.2836422659670355,9.724134983680234,7.33446272162924,8.45425458020322,6.773465068690346,4.705364433736841,6.8507811845573725,4.722259384814177,1.0,1.0,3.7292808335482746,1.0,4.578089456190464,1.0,1.4251678761452298,1.0,7.2867380550318135,9.766125635664286,1.0,1.0,1.0,1.0
xAC,1.4341425093309939,1.8421768554265148,1.0,1.0,1.0,1.0,1.0,1.0,3.232319840394325,9.04486133377259,3.2892796880156787,9.788251624269591,2.443953498159341,3.208935842850895,2.9867878924645765,6.377360518648828,1.8949374168278008,1.931920536642293,1.0,1.0,1.0,1.0,1.0,1.0,2.9621303173621523,8.102446423316866,3.289005281896154,9.7845122522556,1.0,1.0,1.0,1.0
CAF,5.866949633882067,1.7588381407404416,1.0,1.0,1.0,1.0,6.771890729323088,3.0921026827813463,7.425166718769802,6.859864189342751,7.234439895213413,5.349491876510102,7.737103124988657,8.401944555281528,7.7460264908335486,9.995526833531262,6.806510887624801,2.8468054101712297,7.671370716430854,9.592882716141213,5.67166010301546,1.049540962274853,8.19413088771216,10.0,1.0,1.0,7.701216689489147,9.99998750901546,1.8127318962068002,1.0,7.701217584576096,10.0
COG,6.65590468796325,3.7089274398056427,2.6939340759964345,1.0,1.0,1.0,6.27696628950725,1.8662527189861027,7.606642585431432,8.27856041589948,7.594254640598578,8.139745176256783,7.739051807317582,7.952681054776976,7.640751625243457,8.162776827052271,1.0,1.0,5.385403328281227,1.1526532024904121,5.240484369146516,1.0,6.960590667215234,4.154379194377122,5.288446913746261,1.0,7.724189638735796,9.735842985106563,1.0,1.0,7.743342329590263,9.999206147554634
PYF,,,1.0,1.0,5.223914842044371,10.0,1.0,1.0,5.045765711521765,7.824871840338564,5.045765711521765,7.824871840338564,4.1648396349887635,2.500850271529878,4.109622723962773,2.500850271529879,1.0,1.0,1.0,1.0,1.0,1.0,1.0,1.0,2.5180139897703824,1.0282131776934444,2.545954537160253,1.0581300865078185,1.0,1.0,1.0,1.0
SJM,,,1.0,1.0,1.0,1.0,1.0,1.0,1.0,1.0,1.0,1.0,1.0,10.0,1.0,10.0,1.0,1.0,1.0,1.0,1.0,1.0,1.0,1.0,1.0,1.0,,,1.0,1.0,1.0,1.0
GAB,5.410215089289013,2.1275670296146845,3.874445687300283,1.0,1.0,1.0,6.311668909386116,3.8865606011405385,6.682411786213786,6.169375820138,6.605821631577685,5.585894852957175,6.962342947018088,7.397717886326276,6.530991244887458,4.848170711153032,1.0,1.0,1.0,1.0,3.790704088445685,1.0,4.809290900655158,1.2273069579349427,2.9246497731115455,1.0,6.988288212893959,9.321625928928094,1.0,1.0,6.991421756258106,9.362189105411868
GMB,5.1124188955615715,1.5062252326228531,3.4857774047822305,1.0,1.0,1.0,7.126296913761767,9.469058745326135,4.745974557110307,1.130701525501476,1.0,1.0,7.118300022264588,7.656953640396608,6.669741793225709,4.916058073983877,1.0,1.0,6.87359382160648,6.716780614572637,7.141459073579256,5.816676452525046,6.130463168094442,3.39015871145695,4.250676271156538,1.0,7.135299915886284,9.58817975668334,1.0,1.0,7.1482864389343135,9.762933902179622
ALA,,,1.0,1.0,1.0,1.0,1.0,1.0,1.0,1.0,1.0,1.0,1.0,1.0,1.0,1.0,1.0,1.0,1.0,1.0,1.0,1.0,1.0,1.0,1.0,1.0,1.0,1.0,1.0,1.0,1.0,1.0
SLV,4.705082435324169,1.0682226371111592,3.885037438902617,1.0,6.915366825946315,5.0801417037158005,6.66369887905527,3.7435281628540955,1.0,1.0,5.814127833493258,1.6783739358060008,7.565775322691113,9.795185274661966,7.453125029186925,9.821003066559909,1.0,1.0,6.510107027786132,3.148184670402823,5.4197427443282145,1.0925365250548813,6.3640784834158275,3.194130038479423,1.0,1.0,7.414915487434817,9.889123641104414,1.0,1.0,1.0,1.0
GNB,4.474578472758264,1.1600524705913657,3.300305722361105,1.0,1.0,1.0,6.563610675386478,5.599734134699372,2.3061860576341324,1.0,1.0,1.0,7.029972893963151,8.592966596127862,6.396786591447546,4.344254461928318,1.0,1.0,6.884936982250236,8.590659967857349,7.005099819057971,6.311124842111717,6.420679375387071,5.911879577314535,3.2468104936905893,1.0,6.832624402677844,7.997926209998312,1.0,1.0,6.963500431749809,9.575228346724472
IMN,,,1.886668743999242,2.179975115271938,4.255302120854061,10.0,1.0,1.0,4.251910882089905,9.952798022903883,4.251910882089905,9.952798022903883,4.241834793011967,8.810715277636533,3.764904048018641,5.071494373741486,1.0,1.0,1.0,1.0,1.0,1.0,1.0,1.0,1.0,1.0,3.7964672059530162,5.403963350900449,1.0,1.0,1.0,1.0
NAM,6.093616616807623,3.882144963925459,2.261629773239619,1.0,1.0,1.0,5.329861337430273,1.4611275896192342,5.30880842740544,1.4435723904005813,6.438821723372978,3.93792064026632,7.20806849742832,8.755914944101638,7.125650071061022,9.071923085711129,5.217955183387398,1.3195572606797876,6.9667521107259205,7.720366478829608,6.8388296227181495,4.262178743830452,5.876227238857416,2.6279833276642894,6.968350353297998,4.916973139932215,7.154491943294271,9.99541743706742,1.0,1.0,6.858870778418449,6.680841592853447
KEN,6.50541655356786,1.1095817924992488,3.727138749058377,1.0,1.0,1.0,8.635670922293704,5.455503160112224,7.8787405912199375,2.3315788474790873,7.359355698413312,1.5499934559178916,9.231584058559374,9.286867893395485,9.08380225953591,9.233825409685338,1.0,1.0,7.609212047360177,1.8495997810951093,8.9909459309109,3.388257239788738,6.725701627060179,1.0089902471608632,8.416966662738234,2.2702508400817765,9.06198380896137,9.656459046739801,4.710042771971512,1.0,8.96767478525054,8.477502147868815
KWT,5.473991949355417,2.254523945409834,4.957611274460979,1.7497462802038157,1.0,1.0,4.248558580172992,1.034098261564116,5.0289073219638,1.3232508136493815,6.8846799295927354,8.059811198247361,7.071518182843478,8.524322728450876,6.965588493519444,8.524322728450876,4.254429801892517,1.0233276622933907,6.925679936822419,8.524322728450876,5.42069470224256,1.4145171525964262,5.493334934974427,2.0562615192488183,6.900776643049056,5.279098305599262,6.577676719561319,5.372646865918002,1.0,1.0,1.0,1.0
KGZ,5.303086407619219,1.256765183691668,1.0,1.0,1.0,1.0,7.456763352954217,7.7229469439985134,7.644566743191163,9.999746692948403,7.633844382005986,9.851344315813128,6.233765057410627,1.768600078116948,5.156214469526791,1.100145532896115,6.989834185363713,3.694219341006723,5.990706757438098,1.6269213802746099,6.316677450577256,1.567637804900218,5.5299117034407095,1.2585626355888553,6.224485356935718,1.5342868368246667,7.637896033214032,9.907134102937421,1.0,1.0,1.0,1.0
LAO,6.676033356811574,4.149626001717653,1.0,1.0,7.363521635282488,6.581911373052948,7.012437115404072,4.218440844005358,7.555748441439297,8.529007949885406,7.2330227235499684,5.552102464641532,7.74011645577354,8.796425063047778,7.655631119108586,9.204837843212053,1.0,1.0,7.265657076825013,5.790621329437967,8.442585633769747,10.0,7.8997469813064125,10.0,4.117134655175228,1.0,7.669238506268197,9.97915354790062,7.377800204616509,6.7079444098852345,7.2699752527133406,5.823086743398
LVA,5.267444635808733,4.002307293615896,2.8429044390151246,1.0,1.0,1.0,5.004511285999744,2.1146461552227174,4.3608102519468925,1.3578911636454245,6.29990954177647,9.71523838863282,6.347336412465113,8.685425974847092,6.310018258670725,9.378305707702962,4.036199260698681,1.158527612859773,1.0,1.0,4.661966762213769,1.5395144900712197,1.759401657730998,1.0,1.2337602286815201,1.0,6.315588971147168,9.929763233495162,1.0,1.0,1.0,1.0
LSO,3.7870319397137986,1.0,1.0,1.0,1.0,1.0,6.773714177953668,7.6431897668613935,4.485990494199088,1.110060507703997,5.236088662066142,1.5447083571972442,7.116115392572116,10.0,7.007335112619339,9.97131690989896,1.0,1.0,1.0,1.0,5.901348323517546,2.164178449074079,1.2425063839796473,1.0,4.759453786298057,1.1040644302195906,6.969205918787525,10.0,1.0,1.0,1.0,1.0
FLK,,,1.0,1.0198758524085199,1.0,1.0,1.0,1.0,1.0,1.0,1.0,1.0,1.0,1.0521642354652878,1.0,1.0,1.0,1.0,1.0,1.0,1.0,1.0,1.0,1.0,1.0,1.0,1.0,4.775858395031467,1.0,1.0,1.0,1.0
FRO,,,1.0,1.0,1.0,1.0,1.0,1.0,3.206997556398438,3.444276819389982,2.023946802836396,1.321482033919668,1.0,1.0,3.0344570619211186,2.8141542388067826,1.0,1.0,1.0,1.0,,,,,1.0,1.0,3.4566629723744526,4.6283242223536085,1.0,1.0,1.0,1.0
FIN,5.303354857208889,2.011612281724597,4.161724757238952,1.0,1.0,1.0,4.558587199842906,1.125206729060693,5.677859419080322,2.113760751749515,6.566416507445647,5.621461432235188,6.848506452508449,6.765684221161316,6.590727533136615,5.527718068542711,6.247726682774801,3.3835100841426433,1.0,1.0,3.6330642107146143,1.0,1.1116272822898456,1.0,2.2525109810362554,1.0,6.9263723919942475,9.097697760641102,1.0,1.0,1.0,1.0
GIN,5.782162720578416,1.165993007079361,5.065251014133062,1.0,1.0,1.0,7.672978268161737,4.577749419253152,6.952379107217181,2.122781115629367,6.808834982690204,1.8827608541466887,8.297591750141908,8.22144482636004,7.990757467606432,6.47046706694711,1.0,1.0,7.955870424538141,6.5728146169526855,8.82070238872456,8.407734112800803,8.651007618216907,10.0,5.097148097004819,1.0,8.262624318607148,9.979035943398095,1.0,1.0,8.257558148413905,9.908773826354365
GUY,5.843372533887454,10.0,4.860905709252867,5.829337701730594,4.715878644136273,1.8787146330707887,5.930166850924827,7.1626708242932065,5.09709464013274,2.6498843043051816,3.509554243230019,1.0612812064718138,6.20746915051723,8.808739047947693,6.14451334218062,9.152038579466959,1.0,1.0,4.36187293029477,1.472208927193237,3.5702494343382027,1.0,3.625086094037659,1.09064809428175,1.0,1.0,6.019634331493922,8.08329440345646,6.173848481162377,9.999999999999998,6.173848481162377,9.999493642821193
ALB,5.231489495263055,2.6695219219714237,5.238249176572975,4.703322959341581,1.0,1.0,6.353995989956532,6.783949327272511,5.1447048847538985,1.827007743082195,1.0,1.0,6.476406362237915,6.702158170569312,6.495717443107674,7.810984023225164,4.706985701169196,1.3296101237969464,1.0,1.0,5.3389733389652,1.9041718113477186,4.529537001918648,1.3674938181048861,2.445762439732817,1.0,6.636333595439053,9.971057882804704,1.0,1.0,1.0,1.0
MRT,6.18792512130093,2.60154852640388,4.533453212794682,1.0,5.338422056087747,1.1917384206468284,5.6922805451973275,1.3956670679577727,5.157941931842086,1.123343007147422,5.91495733272602,1.593951249472418,7.168317567681248,4.645031187611287,4.534732235595286,1.0,6.200348424829529,1.8189688086078117,7.488760797260046,8.579249206369726,6.711836182218526,2.2303665852977326,4.859428891226713,1.0,8.345720262868017,10.0,7.587952410707661,9.840748581886833,1.0,1.0,7.525135749552824,9.019715409691695
HND,6.107566574465276,1.82313532095598,4.041468369278247,1.0,7.893881820886646,10.0,7.204143746445224,4.062511737941628,2.6953997703259205,1.0,6.47683773196804,1.941641300275494,7.967435087891623,8.78082971954057,7.902888686305806,9.495784333913978,2.9951175172396036,1.0,6.666862660820735,2.2913661894258452,6.68272679042558,1.6351688542594323,6.979525903251952,3.5119568982314826,1.0,1.0,7.886790425437198,9.901575822402465,6.490899169569676,1.964225538776512,6.40913860408404,1.8397240273818087
IRL,4.761248902652422,1.2626854534300658,4.754656036688037,1.2127595581627284,7.105223571252482,9.999999999999996,5.592168074570191,1.8001441422988949,7.104115263395315,9.984546645301295,7.105213020538551,9.999852765334026,1.0,1.0,1.0,1.0,5.579006022014361,1.672104288568582,1.0,1.0,4.974484408936,1.066064875531041,3.6882813175633506,1.0,1.0,1.0,7.03705460056436,9.096779838549915,1.0,1.0,1.0,1.0
ESP,6.192900703643668,1.419350719672635,4.473616232162207,1.0,8.052666646560342,7.020416430437898,7.921037024326868,5.902329698898408,6.636898992055743,1.6045799870032558,6.572013997118006,1.5386458704604324,8.259033305627023,7.328152866475486,8.137459521754456,7.378012877481547,6.907659631713442,1.7929977712339775,7.615361321632996,4.032281832603045,8.048180615159758,3.427096652434849,6.457629202751328,1.4174690341363108,7.266608562884276,1.8498613676014097,8.215227497174451,8.752580373946168,1.0,1.0,1.0,1.0
AFG,7.376896179069153,2.0947097996154636,1.0,1.0,1.0,1.0,8.75971384837424,7.377160605724279,8.048662846888408,3.080495191521836,8.056490709048246,3.1067446403916352,8.275646454841054,3.2617307125626227,8.352898531549195,4.121061522947347,7.419874492067039,1.5917063878249176,8.356364518643172,4.391462713618158,7.314814736018695,1.0815530159747124,5.575418630235381,1.0,9.667282146256639,9.855303849667063,8.981393199925748,9.999028999859384,8.936227806837817,9.390633285911655,8.935926158457193,9.38623498459936
LUX,3.1890951341221716,1.2084601208941943,1.0,1.0,1.0,1.0,1.95778012517175,1.0,5.649867763214129,10.0,5.649867763214129,10.0,5.764306707950764,10.0,4.135405279802113,1.77004933915222,1.0,1.0,1.0,1.0,1.7644890613273776,1.0,4.337303129258615,3.0658211567583056,1.0,1.0,5.649867763214129,10.0,1.0,1.0,1.0,1.0
DEU,6.9376236812208205,1.8010905463804776,6.739971445048951,1.397459619230477,1.0,1.0,7.9175321620582135,3.556372959491195,7.671564538616606,2.7238617783453973,8.597899367806242,8.431870750789074,8.636526944332262,6.9325158146425165,7.428979598891541,2.079738406705516,8.580852466672614,6.749405367451006,1.0,1.0,6.549071273589867,1.0,5.99462722987689,1.0,2.400445946227951,1.0,8.719653087381687,9.977842344477542,1.0,1.0,1.0,1.0
NCL,,,3.5014019324454546,3.7230766157479787,5.296106141360212,10.0,4.3033817438575515,2.8896648009751162,1.8312104911674192,1.0,2.8598381963908146,1.125078442521911,5.0636425148048,6.386295108217663,4.973016215104172,6.223988791109096,1.0,1.0,1.0,1.0,4.472935592547268,3.925036936927343,2.2949884523437047,1.0,1.0,1.0,5.099949170583338,7.636316645981415,1.0,1.0,1.0,1.0
MLI,7.286785206925906,2.6302401538515046,1.0,1.0,1.0,1.0,8.419373134593064,7.1417227697140495,5.593147610752932,1.0,6.342195793784704,1.1660633687977866,8.788270624902534,9.148321122012536,8.560429970447522,8.07037475458722,1.0,1.0,8.665276893724927,9.999999999999991,8.094941941423984,2.3752459038786746,7.548135678375779,2.5705499320792597,8.436670006083718,3.6682584480098863,8.664440310310138,9.988332920325849,1.0,1.0,8.6583654296922,9.904059934132041
MEX,7.70061670769125,1.9512918816577065,6.4504831324030185,1.0,8.620594262609867,3.760023107833855,8.667670048601076,3.973669380223907,9.162828080266248,7.462633115744862,9.24055025062071,8.293077187768152,9.339354292938015,7.227664313594442,9.267033914580857,7.973515967314992,7.121948273188058,1.14660629295654,8.468325213386956,3.165792782840926,9.198658332315027,2.93393718230377,8.394510138553077,2.7019015691549377,8.03674293380345,1.3786604886587672,9.371698764719811,9.939828514501773,2.6489867293424654,1.0,2.061693191116327,1.0
GEO,5.135727936467196,1.7997944206767467,4.267253918379384,1.0,1.0,1.0,6.243224542468511,3.946569216208843,6.130649077297953,3.464514353675155,6.249351900125037,3.975274040919255,5.655669699682989,1.9472334115484933,5.986284010870429,2.854367480039165,5.545968307470273,1.8202348958372083,4.6370958566623575,1.1671746991040384,5.056342391366673,1.2127681564428063,3.9287477437129663,1.0,3.2196224550481083,1.0,6.956240773201008,9.984314605446142,1.0,1.0,1.0,1.0
ISR,3.5580634978173813,1.0,2.0656003903145868,1.0,1.0,1.0,7.100879123312412,5.0926539566633195,1.0,1.0,1.6843222819126416,1.0,7.542582532188785,7.384190166719159,7.357678647085558,6.72197453152565,7.158293666128272,4.713849943487094,6.546447332358264,2.695270506545239,7.309270506421299,3.9020552786493794,3.3868158381183795,1.0,6.505810988846607,1.9235242795754184,7.603806152932485,9.962893162865864,1.0,1.0,1.0,1.0
EST,3.5505885968819544,1.137645585805559,1.637411536801638,1.0,1.0,1.0,5.152238113275331,2.9243509232818963,4.2263018002688035,1.3955431547153814,6.002353947347945,8.340565159014657,6.066758526648954,7.714832563705178,6.136868114088445,9.575543447245742,3.8554551232921375,1.1623528421138816,1.0,1.0,4.28958463537788,1.401187395683761,2.8449166594326494,1.0,2.2074740213147304,1.0,6.11114684472739,9.691296011793025,1.0,1.0,1.0,1.0
CHL,5.907472092941887,1.5485571520437778,2.9407358924089353,1.0,1.0,1.0,7.024669922424177,3.261316000151476,7.860607369750433,9.396409599467406,7.282750882209058,4.40478042040582,6.1605435277710505,1.4252182867393808,6.189977887163476,1.528347922100524,6.2838057762006185,1.5539018003123868,1.0,1.0,7.850778906125255,4.680252615038292,6.982363411968892,3.4734449288211837,6.695718754698689,1.717491237643686,7.901453532057241,9.94561237707178,1.0,1.0,1.0,1.0
xxx,1.0,1.4589900372109914,1.0,1.0,1.0,1.0,1.0,1.0,1.0,1.0,1.0,1.203866921276964,2.2447806171843814,8.924651736279685,2.1582097686287076,8.169944799885183,1.0674279023222124,2.293139559325612,1.0,1.0,1.0,1.0,1.0,1.0,2.3888657247215943,10.0,2.296891010013095,10.0,1.0,1.0,1.0,1.0
CHN,9.919409257678163,5.20166782338823,10.0,5.215804800264139,10.0,6.008258493205983,10.0,5.882383782094995,9.714061496128231,3.0094638084501426,9.67597585592317,2.8901889989718383,10.0,3.246860474954246,9.416056888487924,2.128339355933888,10.0,3.3934299424542713,9.78993148528671,3.2688974404754325,9.625336318379908,1.215244125453671,9.484075006368283,1.9191646043240365,8.773202459238549,1.0225246451698564,10.0,9.739856664626458,4.349624057699325,1.0,4.2995217473437,1.0
GIB,1.205630779778224,1.2121855589726724,1.0,1.0,3.7011488464898985,10.0,1.0,1.0,1.0,1.0,1.0,1.0,1.0,1.0,1.0,1.0,1.0,1.0,1.0,1.0,1.6681914918269203,1.8199816568395095,1.0,1.0,2.2389387472605917,2.3294252866476723,,,1.0,1.0,1.0,1.0
JPN,7.887812250421067,4.181357450843482,8.644974413202391,10.0,8.851350206338788,9.999999999999996,8.369733866809089,5.249490912549519,8.41918938249587,5.591831489708347,8.742545825237181,8.60165389290529,8.628950028710406,5.78634399583328,8.057304298391303,3.4081053706644773,8.250640021915057,3.8194067348445353,1.0,1.0,7.669062736637546,1.4342134885533366,6.157404459094133,1.0,4.174177132462917,1.0,8.763462913138476,8.852661989599987,1.0,1.0,1.0,1.0
BRN,4.345757196035098,3.2636438699881705,1.9471203866764988,1.0,1.0,1.0,3.802868957514967,1.4943196181207379,1.0,1.0,1.0,1.0,5.59948799632701,8.696954260771115,5.519705903239477,8.702479289502413,1.0,1.0,1.0,1.0,2.6240258573276285,1.0,4.311353708388304,3.204442893497066,1.0,1.0,5.349566728197008,7.19629371932073,1.0,1.0,1.0,1.0
BGR,4.913069725828759,1.3745897342481024,2.428714124772455,1.0,1.0,1.0,6.845375441283757,6.982093600494298,6.7077848953705335,5.825821850130759,6.590090968690195,5.013152079027709,6.62356071244948,4.420446411958505,6.59094347837803,4.789230284121833,5.951536083843812,2.239785005697523,1.0,1.0,6.1183497868297625,2.2513818620076864,4.269095754634622,1.0,1.142837792938396,1.0,7.0697032659800385,9.478588415078917,1.0,1.0,1.0,1.0
BDI,5.056329250353288,1.0,1.0,1.0,1.0,1.0,7.41240975542372,3.27059621408913,6.687789840293231,1.6855328420713487,5.757846852046037,1.0953626570411266,8.469966398913732,9.999999999999998,8.310170968337454,9.600577077591716,1.0,1.0,1.0,1.0,7.388430444398622,1.9304093612670457,6.637373491741721,1.650747896249501,3.458605199773283,1.0,8.290021040246893,9.992797868329726,1.0,1.0,8.236042152768283,9.270456068060454
ETH,6.7679683208883645,1.0,1.0,1.0,1.0,1.0,9.328725190211843,6.3143343335685715,8.477352053999812,2.3720533157410792,8.646022926970192,2.804401611445651,9.675637528556033,7.595053040124355,9.708636517632783,9.765346747619105,8.123634652516603,1.5955234739003035,8.119725312266725,1.754010419083277,9.291146953276298,2.300087828846996,8.313883179499744,1.8417587095972507,9.134434252720675,2.367378617352543,9.663503785468423,9.945606189377818,9.54830165389792,8.4813193572748,9.549184672916933,8.491168869230505
PRK,6.932252595131878,3.1149582961734414,6.32628965383722,1.904002976841447,8.163776644169207,10.0,7.0715392973466695,2.609091544195598,5.07665593554369,1.0,6.208463130284526,1.3610144580421266,7.301755485290258,2.8278222464353187,2.231596367331866,1.0,6.5481391348614695,1.554489651739608,1.0,1.0,7.354082371320457,2.1336910980108117,5.6047168741022375,1.0,4.085218996309802,1.0,8.091904427199403,9.050367384868466,6.882503015588988,2.180975143741561,6.5392767336303095,1.6600346027411068
DNK,2.4516915375312,1.0,5.336991502348376,2.7253977706939705,1.0,1.0,6.6081520040655715,5.32291061958285,6.27102153942044,3.5397280450862185,6.974274047944174,8.651853664389481,6.885239540592622,6.345311440844953,6.245438165692494,3.305778521285982,5.446777065961123,1.5602335830605736,1.0,1.0,5.333540908265729,1.3031899910197504,2.585996984721655,1.0,3.045734775648483,1.0,6.963557047375833,8.5255179328046,1.0,1.0,1.0,1.0
MOZ,7.041737969763567,1.7487945669444698,6.093821425755106,1.0,8.635166855581902,7.358902695227059,8.528883433387263,6.387966345422491,7.95502297681106,3.1795714755470805,7.732976064668309,2.523771088613509,8.67561405062159,6.080386375377131,8.490597294768655,5.6927508630479,7.212075036552728,1.5118999434973626,8.188752597842267,4.159496350695242,8.792965005063985,3.682317257236269,9.046251806487913,10.0,5.199719828864451,1.0,8.811153929064336,9.359383705613235,1.0,1.0,8.8528406427256,9.917806984813268
xSR,,,1.0,1.0,1.0,1.0,1.0,1.0,,,,,1.0,1.0,1.0,1.0,1.0,1.0,,,,,,,1.0,1.0,,,1.0,1.0,1.0,1.0
PAN,5.3043348285231,1.7151314339628185,4.688099279721869,1.0,1.0,1.0,6.136722268692637,2.73858265617536,5.716545576641838,1.8689614432023565,5.597709189483058,1.708903804319131,7.222581924291564,8.610892990960686,7.0799084063469895,8.22057699054185,4.785232315866034,1.1143630498777364,4.576233036518547,1.0758172810855418,5.218756686818619,1.1440511182041777,4.6722686126412745,1.0478826811694593,1.4515917787694441,1.0,7.150310318936588,9.579824077639751,5.653474978742101,1.7804305657950106,5.5502303000909015,1.6526847929098674
CRI,4.530186710416926,1.127423687880141,3.3910533053883913,1.0,6.633965886659048,5.259318661194732,5.618122680962648,1.8238004116702307,5.42962216932677,1.5939735884630348,5.065303133360773,1.3005954699490725,7.22553157469218,9.483364725633157,7.095376724963874,9.206350504690292,3.347876138750136,1.0,4.857824328584446,1.1938106780509257,5.328627342540376,1.2673047568285618,5.155627846312929,1.459121868835576,1.0,1.0,7.10109572139743,9.8202025457214,2.092607850612077,1.0,2.092607850612077,1.0
HRV,5.14290270593421,2.2191866771048914,3.6061383765798123,1.0,1.0,1.0,6.51630552460929,7.427428214482592,5.472474744002638,2.2220453096950177,6.562348226637386,7.904803598393732,6.584317934909153,6.798268623687178,5.563317768446335,2.3494138884308184,4.027260829736781,1.0394395359687818,1.0,1.0,5.708964393196801,2.356336564680311,4.181272810684923,1.0535911186459346,1.3182678842155084,1.0,6.723233182995045,9.864565426920413,1.0,1.0,1.0,1.0
PRT,4.805213085702972,1.1577715230444319,4.104491300604492,1.0,7.322826285720383,10.0,6.718412431380692,4.5038082382206674,3.70365022258553,1.0,1.0,1.0,5.925664920920558,1.7968392832139075,5.845892715850562,1.8052248360192986,6.3166521436674925,2.5668914206417526,5.164355989338847,1.2399378453132504,7.712507398768119,8.901853508042967,6.297846133919737,3.3569153537504706,3.692643677300562,1.0,7.273813182216347,9.341116433334898,1.0,1.0,1.0,1.0
QAT,3.6318702233376237,1.0,2.3321593619472525,1.0,1.0,1.0,1.0,1.0,1.0,1.0,4.163184393092096,1.1314796592072136,6.122515953008223,4.635624884837196,5.0113147963164275,1.6936816350128217,2.0415347644676247,1.0,6.531480646561997,9.341991542529058,2.7738718885775246,1.0,3.089523660885936,1.0,6.696669663525585,7.713086699777986,6.180843681149176,5.831968148774521,1.0,1.0,1.0,1.0
KOR,6.758611601289658,2.348538259980577,6.0072642964734015,1.0811249082506935,8.257942599554832,10.0,6.2821459145067,1.347025777177002,6.215951157396681,1.3047122282592813,6.666920145427486,1.6996342390542876,7.039067667888839,2.029349213460638,6.30986412446012,1.3418110078079606,5.528645353517528,1.0290520181579286,1.0,1.0,6.576653952781635,1.1633238100806946,6.082979307233382,1.1627209108573981,4.485049911415718,1.0,8.209696973055072,9.351056231472558,1.0,1.0,1.0,1.0
ROU,6.072361732758488,1.8401930718897452,3.2207142859653217,1.0,1.0,1.0,7.724185841015117,8.421148109936253,7.742055568307649,8.630063980344328,7.777502672762491,9.061828061561974,7.426418053007982,4.661743715008814,7.23587883063939,4.238826261319624,7.440811451206103,4.922894250531134,1.0,1.0,6.326672677375136,1.3397655461711513,5.253485205027134,1.0,2.813451795054697,1.0,7.833882769754794,9.798853687252409,1.0,1.0,1.0,1.0
REU,,,1.0,1.0,6.026902725875182,10.0,1.0,1.0,1.0,1.0,1.0,1.0,5.991095993140114,8.06742342178999,5.918235561835388,8.22431920760277,1.0,1.0,1.0,1.0,4.403321271945712,1.6557070363521564,1.0,1.0,2.9766440381307393,1.0,5.78739281973082,7.203196784749323,1.0,1.0,1.0,1.0
SAU,6.664213149996794,1.7982225838337746,5.442292995524021,1.0,1.0,1.0,6.191430823312036,1.190484350113144,4.121581910372459,1.0,7.323415142605853,2.5085391224587315,8.58971085229357,9.354689519351062,8.43530789376363,9.076260359795901,6.39856417008767,1.238151146891178,8.389184559833158,9.121737375632117,7.275184831625504,1.5260733725618882,6.585192387447025,1.3844489397082151,9.244898347880923,10.0,8.421797778506324,9.543353920903527,3.0477459020454045,1.0,4.011441513551107,1.0
SVN,4.292480074329859,1.5064952353226453,2.491050898908818,1.0,1.0,1.0,6.1256608183294325,7.231812999874571,5.173111421039459,2.374204043445929,6.317255389705496,9.39373847731162,6.245556726479936,7.172858448516669,5.866224618639836,4.947812666521428,2.50423144130961,1.0,1.0,1.0,3.654166148857454,1.0,4.021491461716607,1.20635220034844,2.074844243043874,1.0,6.362215650742325,10.0,1.0,1.0,1.0,1.0
LKA,6.528287761907293,2.0257215543209313,4.0043117100809535,1.0,8.186494661711018,10.0,6.770743239492262,1.9436922414618127,8.128342513630194,9.223649846185996,8.055245854074716,8.341132129954314,8.065922045432586,6.731146010258986,8.086554340371707,8.15971477037091,1.0,1.0,7.312258614060658,3.284745426517489,6.084369058456229,1.0,4.9565260250376495,1.0,3.479601780723572,1.0,8.122041392929876,9.143614327472376,1.0,1.0,1.0,1.0
SWE,5.4825847076931264,1.5639632644943346,4.8002700571243775,1.0,1.0,1.0,6.092837014187678,1.9973098362141846,6.873463302252251,4.515988407244445,7.441141870231771,9.530657347274351,7.502036394600342,8.35749074582911,7.304127283152431,7.457376020447847,7.085616657647495,5.07833267038564,1.0,1.0,5.614003799408032,1.1631122717372493,4.196424923808848,1.0,1.914057721175428,1.0,7.41984444623467,9.253352229113498,1.0,1.0,1.0,1.0
NLD,6.9938772095646335,5.352835721798101,8.314249084976503,10.0,1.0,1.0,6.504832965922651,2.190422218168035,7.2420286632210775,4.882151939928414,7.768500833395999,9.82378989098602,7.500302982150208,5.556558035923991,4.098820631736505,1.0,7.778667210795299,8.306738399773696,1.0,1.0,5.555951259374002,1.0,5.2288711558137875,1.0,2.704608379988883,1.0,7.773339789791635,9.89025547197602,1.0,1.0,1.0,1.0
SRB,5.779942431253232,2.8792994712713424,1.0,1.0,1.0,1.0,6.852454575739561,7.07192809257873,5.8836308172580445,2.3019211532746975,6.075843283337878,2.779944632538987,7.068542912180282,7.77442587890602,6.366267340545345,3.674268675383616,5.142515288331204,1.3042024859760277,1.0,1.0,4.97384930175399,1.0654948768723966,4.384288946642752,1.0,1.0,1.0,7.105676696832248,9.999751465989181,1.0,1.0,1.0,1.0
GTM,5.581985520797637,1.075290181675485,3.931149014016384,1.0,7.512085828579309,3.7767647616876374,7.232399022853361,2.7757795553135987,7.327419138213276,3.068916235898354,7.592357514482247,4.152817296129933,8.417173891038793,9.66190715882541,8.252184192071418,9.199671036611038,1.0,1.0,6.379856624197455,1.4134156648466547,7.662886538995123,2.5106843258105633,7.3637336727131775,3.3964700414580546,1.0,1.0,8.262275675122448,9.980115009783853,7.19999781872912,2.6853007320020845,7.099931938164428,2.432303413140971
EGY,9.176576453355022,10.0,8.049562817517705,2.548194544700776,1.0,1.0,9.181891987949319,6.870243056203821,4.1359531679601576,1.0,7.523307640385056,1.376403312407461,8.735146359950322,3.1666232917960935,8.476330913427168,2.77810574562138,9.069294709224426,4.845510908282648,9.385575091942151,9.058365328268412,8.210190180518667,1.2671173692563666,7.142353087604166,1.0098760320655307,8.563957605330332,1.8188015164457005,9.451130889273822,9.921124615787374,1.0,1.0,1.0,1.0
NER,6.920850417518253,1.7528134195896259,1.0,1.0,1.0,1.0,8.598898822645292,8.257033437010675,5.969171362444408,1.0388130509253628,7.001150329387244,1.5415028895314735,7.7442286862776,2.4521686160603564,7.827935566710343,3.006767796053774,1.0,1.0,8.737461318731896,9.998606694343144,7.33611829089714,1.2748754658404,5.000158393250581,1.0,9.120818615061928,7.164556813635368,8.737561168701907,10.0,1.0,1.0,8.726951561324995,9.853141421230024
PAK,9.52094575592156,7.0551865191059004,5.689015056315585,1.0,9.0153373307759,2.770089741515338,9.789632469735528,7.017707395858948,9.978941784373475,9.077717987828404,9.641183968524938,5.772907529981598,8.826672142725062,1.952940373633234,9.725395753985305,5.9697177825885905,6.236697038316772,1.0,9.974053591867193,9.016652838754963,8.593541926723285,1.06526136590807,8.17193368819693,1.218054351363056,10.0,3.552319106079739,10.0,9.995622021367145,9.669021132382866,5.9855313949843,9.65857063994626,5.904468333110993
PNG,6.009306856983134,1.7245125330433602,5.406327082644227,1.0,6.550295750906496,2.117646424331254,5.94705241136146,1.3878360490921486,7.221469645905838,4.295316347427508,7.166036948965946,4.0190933984048245,7.486992791858931,4.91639823655143,7.147585796961353,3.7472882003373233,4.429610504125607,1.0,3.075014765689435,1.0,5.917632407510739,1.0702032220473912,6.028924569253888,1.492955259519618,1.0,1.0,7.779413043745656,8.883125828482196,7.825334569611552,9.465994897254667,7.825334569611552,9.465518584222226
UZB,7.35681734503301,2.844339739451153,1.0,1.0,1.0,1.0,8.606213783123382,9.264367785126279,8.661111331392199,9.998993129659066,8.578489667666766,8.916243455046319,7.727084352802052,2.600120607673292,7.461367455784703,2.2577840558728806,8.187455907922796,4.452836299047384,8.572567946572256,8.843786835350544,7.382316438144414,1.386722685845002,6.234038096551457,1.002907963333282,7.667528292646589,1.8467271314501663,8.660481054338097,9.99020280202859,2.87672991884053,1.0,2.864105872021673,1.0
CCK,,,1.0,1.0,1.0,10.0,1.0,1.0,,,,,1.0,1.0,1.0,1.0,1.0,1.0,,,,,,,1.0,1.0391667157850741,,,1.0,1.0,1.0,1.0
PER,6.870436641276548,2.0823455544664977,3.9147018543010663,1.0,1.0,1.0,7.666214069195357,3.4690351365677934,8.151237586120388,6.2989761055062905,8.218887477638102,6.888791549010019,8.588303492067494,8.878799396658493,8.452658065390954,8.8393736343215,3.7690396460605564,1.0,6.6522696564199855,1.448934017723186,7.883078792905213,2.3785333277589427,6.889040469452979,1.68555069657721,7.923452334058313,2.6954941277063864,8.490753029711714,9.985689804896754,7.460398814883336,2.77565788948365,7.342467577670002,2.4664885383477637
COD,7.807812358435143,1.7216464402651408,2.998566008463653,1.0,1.0,1.0,8.448209815853675,2.3946619690865694,8.585963215749157,2.744483737319798,8.446490145825575,2.390745543448619,9.816644340984054,9.679076543660079,9.655557972355806,9.58249544852145,7.146238940496002,1.0761438740580365,8.93348164555468,4.038108347824026,9.42230899267607,2.7039082919865858,10.0,10.0,5.947404553678281,1.0,9.604996513754903,9.680806913207407,1.0,1.0,9.596543876078826,9.567726666864624
MNG,5.302125921875403,1.7379925207341809,1.0,1.0,1.0,1.0,4.620653036175312,1.0927312104985427,4.961712401118119,1.2190760716759237,5.081161372914431,1.2814599401756843,6.96159228268893,6.268648581157275,4.9517921880639575,1.2022497403864716,7.166438573902355,8.522744813859688,2.5204524539793747,1.0,5.410843876047437,1.2837915592469569,4.175222423928159,1.0,6.843508843273439,4.247567069931998,7.161613804197437,9.98608060097909,1.0,1.0,1.0,1.0
WLF,,,1.0,1.0,2.997009036532276,10.0,1.0,1.0,,,,,1.0,1.0,1.0,1.0,1.0,1.0,,,1.0,1.0,1.0,1.0,1.0,1.0,1.0,1.2899353277663201,1.0,1.0,1.0,1.0
THA,8.127679715165254,7.067525822880421,5.544368254804965,1.0,8.169821735715434,5.045424135674649,8.384190335759156,6.657238605911255,7.889841138070224,3.600388898031452,7.801318098278763,3.2584339056444067,8.760936582165456,8.60771820652752,8.696548623371234,9.48818099896981,1.0,1.0,8.549609854825263,8.318909882885059,7.146742460945617,1.19221597700415,7.228543835146146,1.8718435862913256,4.439227503362687,1.0,8.651571693344131,9.574362059725754,6.853558609938723,1.4575284218790916,6.68713958656145,1.3338676735249737
ISL,3.1803651804265063,1.3978301147501448,3.8450646178263375,5.117139584401645,1.0,1.0,1.0,1.0,4.025061135163931,2.0368626020376728,4.839025010874785,4.843357395678115,3.8054734380414734,1.6350368702521552,3.7015085217510135,1.5766213737463717,2.6455446136807685,1.0383370604102589,1.0,1.0,1.0,1.0,1.0,1.0,1.0,1.0,5.064972687335389,6.474480324506445,1.0,1.0,1.0,1.0
xSK,,,1.0,1.0,1.0,1.0,1.0,1.0,,,,,1.0,1.0,1.0,1.0,1.0,1.0,,,,,,,1.0,1.0,,,1.0,1.0,1.0,1.0
CZE,5.22254420579009,1.334288328707385,1.0,1.0,1.0,1.0,7.369061807750871,8.814512001628218,5.397933054210507,1.2926560867619723,7.4600852677962735,9.999999999999996,7.06983452768729,4.901560513352319,6.050787654505381,1.9011778984398664,6.794950160459513,3.6667409467664234,1.0,1.0,5.307485490283858,1.020447736907827,2.267348643675545,1.0,1.4518485859240244,1.0,7.4600852677962735,10.0,1.0,1.0,1.0,1.0
TKM,7.087854924688511,7.186809918519423,4.065846269442088,1.0,1.0,1.0,7.494344436655382,8.04462703821424,7.595151011597444,9.238822219423739,7.591072761077877,9.186838109192124,7.107708745370662,4.0558569266919315,4.117089800380961,1.0,7.623032959290156,8.046120765957827,7.641679517752571,9.855525618617376,6.555855724454489,1.859391024058141,4.618587561033371,1.0,7.506424740105217,4.729578469527329,7.648526321532685,9.950050594471449,4.179829618133759,1.0,4.179829618133759,1.0
CYP,,,2.023742711388169,1.0,1.0,1.0,5.81131087680197,6.692159489446844,1.0,1.0,1.0,1.0,5.52560398313893,4.0656715342750935,5.865521277041481,6.88768479219479,1.0,1.0,5.611441856006557,5.164215968848737,4.992965538020643,2.4754687419372816,2.368902908546896,1.0,4.950684400577984,2.212963489878228,5.912826394017169,7.667358041464413,1.0,1.0,1.0,1.0
MLT,,,1.0,1.0,1.0,1.0,4.646528813068219,3.8991075052542556,1.0,1.0,1.0,1.0,5.01644264304518,5.458615499516891,5.206370393410394,7.672123581292834,1.0,1.0,1.0,1.0,4.677433188954151,4.4124620589195604,1.0,1.0,2.5982962599407045,1.004486900159314,4.767301590496562,4.508148398094715,1.0,1.0,1.0,1.0
TJK,5.8962596107130185,1.4750754461307314,1.0,1.0,1.0,1.0,7.848222785662063,8.528248869810817,7.952616171683344,9.852489114205062,7.879131817156651,8.898469445045983,7.862232937323091,6.953579600146672,7.727526485132659,6.817069787229277,6.195277993737441,1.425363927493366,7.562277106412738,5.821296382060893,6.259392922425393,1.190821330971982,3.5040913517447034,1.0,6.98872307799477,2.034382048668638,7.959089347623378,9.941799902176802,4.151169806550155,1.0,4.150784845665129,1.0
JEY,,,2.8070167792591114,6.353484660491807,4.350421938426699,10.0,2.0546421815276146,1.1770617116273554,4.10264472281678,7.123824329814723,4.10264472281678,7.123824329814723,3.475564767151723,3.075433079041791,1.0,1.0,1.0,1.0,1.0,1.0,1.0,1.0,1.0,1.0,1.0,1.0,3.9999494812186196,6.217434311022431,1.0,1.0,1.0,1.0
TZA,6.577486441603293,1.060131532194451,4.25709703937995,1.0,2.954692699652451,1.0,9.1008565870225,7.8359071290302404,7.739123379517597,1.765559669772205,7.343608684129405,1.3757879672454743,9.431346589910229,9.339448942582777,9.248911020177882,8.89726666525492,1.0,1.0,6.5004618609311695,1.0370105351435492,8.87396496003964,2.4293868756100974,8.347703240698506,2.8836091313929333,6.412648278498892,1.0,9.241603761674753,9.506450959092339,1.0,1.0,9.266700326351192,9.8441238530834
MYT,,,1.2349242410926227,1.0,5.753790862766342,10.0,5.465263045741246,6.746974581252291,5.690417010623132,9.15726996126887,5.536849165818354,7.425067522051688,5.208524279347927,4.279662700676446,5.135098217529695,4.279662700676446,1.0,1.0,1.0,1.0,1.0,1.0,1.0,1.0,1.0,1.0,4.379202415974575,2.0111757201466713,1.0,1.0,1.0,1.0
SSD,7.387948320513797,5.702324091285945,1.0,1.0,1.0,1.0,7.463821175914552,4.2350910944975775,5.515466735571021,1.0762074004065787,5.482465164274057,1.0679522636557914,8.177986874961984,8.549013173889087,8.166793112402184,10.0,8.034985125321374,7.387354418834018,8.103152016258463,9.783569158433394,8.561566199409828,7.670754597093563,8.566387466656588,10.0,5.223912141630127,1.0,8.118212936884964,9.99113159380541,4.600995074940921,1.0,8.118774043646507,9.998957604262568
TWN,6.870738751070403,4.593379393279308,5.994559717679158,2.2141759278052877,7.780005918174954,10.0,5.725629524467142,1.297261878666603,7.759068798217909,9.712466574938173,7.758038155615765,9.698549811258413,7.662244520914609,6.844008554776465,7.610300084050156,7.45528778597316,1.0,1.0,1.0,1.0,6.095227446883822,1.230647087239645,5.232592222184362,1.0,3.619985075707835,1.0,7.750808741744166,9.601547500173908,1.0,1.0,1.0,1.0
PHL,8.176761004807991,3.1056076323578132,8.03083111229165,2.774440089180934,9.382698881027908,9.964123268964347,8.646360175133038,3.8332266972041675,9.092759430799074,6.711348960830031,9.102871624077745,6.802118874570521,9.024001181953254,4.792980428705646,8.997825268918168,5.52905284657065,1.0,1.0,8.001239427166542,1.9953090144448455,8.16164791452878,1.2962583694912748,7.168787970631289,1.0602104822589118,5.004269490287518,1.0,9.224997318965507,8.017225328145475,6.147609470978431,1.0,6.2024025421843625,1.0
xPI,,,1.0,1.0,1.0,10.0,1.0,1.0,,,,,1.0,1.0,1.0,1.0,1.0,1.0,,,,,,,1.0,1.0,,,1.0,1.0,1.0,1.0
HKG,4.284262287571957,1.1327106181102713,6.250036244119748,10.0,6.862278285283274,10.0,1.0,1.0,6.8622782161629985,9.999999035422368,6.8622782161629985,9.999999035422368,6.4409236806557395,4.8047118701604,5.934741089609695,2.98994159327947,1.0,1.0,1.0,1.0,3.5060206166004613,1.0,1.0,1.0,4.590554211688804,1.087091669157719,6.685919611738873,7.843905684237338,1.0,1.0,1.0,1.0
MKD,4.679773477878253,2.0625230544798883,1.0,1.0,1.0,1.0,6.16242135605607,7.657036697013412,3.917121813936264,1.1240249597258318,1.0,1.0,6.146117762642648,6.352811287513702,6.138912481405436,7.083283306643921,4.937389640935757,1.8265201629870416,4.078805728284484,1.1845737161913956,5.592741017843601,3.2590038898731195,4.3371613837441805,1.4925420967016512,1.0,1.0,6.355942090221305,9.991172677361533,1.0,1.0,1.0,1.0
TLS,2.312732873866881,1.0,3.0822182053986307,1.0,6.610703769454933,9.745098804870612,5.110500162194483,1.7924155735485763,5.821570144582724,3.5403705898291853,4.979313004403444,1.6312988376755944,6.767303702065448,9.993612335429388,1.0,1.0,1.0,1.0,1.0,1.0,5.349903523483235,1.9383239013571132,4.342032609030872,1.2214936763731994,1.0,1.0,6.5702488367162974,9.213067957016003,5.236671957176483,1.9812451063620522,5.186308001771,1.9014272971506165
AUT,5.913142085929666,2.71391600266418,1.0,1.0,1.0,1.0,6.7572736722552555,4.918376994594892,6.590013573049674,4.010508986454408,7.290584074389022,10.0,6.881364994815023,4.814028452788233,5.518309740788018,1.480490667237764,5.730863662040796,1.630421094025614,1.0,1.0,3.9584138439842396,1.0,4.497184972836128,1.0,1.0,1.0,7.2904884099187,9.998665094482984,1.0,1.0,1.0,1.0
ARE,6.0729539140816495,2.671835878803712,6.380222525620876,6.006927771024293,1.0,1.0,4.753647607296509,1.0514001865483933,1.0,1.0,1.0,1.0,7.548566920565277,9.068300666511679,7.179852480510155,6.444399488644438,4.019638473449774,1.0,7.3994574407047935,9.171495087902194,5.9229011773964455,1.400863674616275,5.198236435563726,1.1680498265453294,8.274727827396523,10.0,7.427362876496813,9.533116960548865,1.0,1.0,1.0,1.0
GBR,6.555002097585794,1.3675351642566818,7.070729215531355,2.15222934551696,8.420941689163554,6.61350308928839,7.50295199021024,2.302946450149077,8.71864566154896,9.918166138133637,8.723917332713462,9.991366185804916,6.772397036836713,1.2761581031932452,4.960147348172207,1.0,7.3699859417115325,1.8487980771437478,1.0,1.0,7.673732737697263,1.5995102295709727,6.2756982057171165,1.0,3.2538255779084113,1.0,8.702136760367459,9.692725884009448,1.0,1.0,1.0,1.0
USA,8.01018486358291,1.766847365581723,7.892270980164046,1.2322845047467006,9.306131214511655,5.2031494640167955,8.971002479958795,3.476226488733222,8.968783280776178,3.467496172076113,9.3169723207527,5.275207879157657,9.17709281921931,3.5146415107253564,8.935516866898757,3.14987708429194,9.482908004707316,5.274315321151635,8.96710712037059,3.460921853477911,9.540868363811692,2.498469692410781,7.926491748176868,1.247241670045895,8.119658281872404,1.1465500136376705,9.781506021377773,9.817178941386457,1.0,1.0,1.0,1.0
URY,5.112006833760111,1.9748982821756325,2.8802340585315296,1.0,1.0,1.0,6.125501229275443,4.004240615122179,6.717585533667931,8.589856823646265,6.717587908868346,8.589884828287367,1.0,1.0,1.0,1.0,6.490859401717736,5.519484141548617,3.426261121659235,1.0,6.238191903899182,3.4805765348168345,6.293228118230251,6.36002173369903,1.0,1.0,6.733640060514846,8.78149806226747,1.0,1.0,1.0,1.0
VEN,6.724723696907374,1.9739313662234168,5.912594427599592,1.0,8.102315507852017,6.600548319314846,7.503648468623529,3.179541894868657,7.411356836772775,2.879626921853776,7.155585339995186,2.239759926419529,8.497707487606277,8.82962635795815,8.40975390623822,9.36452559037449,4.576031205490434,1.0,7.774111703396912,4.348002049415957,7.4252199969849695,1.7753835388444994,7.906427760984446,5.253007878951767,6.028012247992487,1.0,8.378008129266671,9.599066794144816,8.250885597284483,8.058898273154236,8.250881872953439,8.05846025257742
VNM,8.796478839419997,8.984962186386234,9.134439575963617,10.0,9.162541686742799,9.986126997406123,8.924877510873532,7.211422917713989,8.741214430724105,5.663091427637021,8.878642103269762,6.77962579388515,9.096628090450263,6.995306369416997,8.77650071960877,5.542506901791371,5.980732529038909,1.0,8.76313832057652,5.825807227126086,7.432922426912537,1.0330538537816545,7.9725568177110215,2.254600766537726,6.28070510841869,1.0,9.078918130371044,8.892622065985487,4.992194130603499,1.0,5.072178098704679,1.0
TGO,5.441323299356325,1.1513527785499058,2.8888442280226743,1.0,1.0,1.0,7.670225867706945,6.75211072877776,7.432775944452002,4.967327951055618,7.377509230491988,4.637237106351214,8.070719387805642,9.234526371978452,7.91478190146084,8.83110733813984,1.0,1.0,7.667959247403662,6.731815906959445,5.405723923256977,1.0,7.862740094031889,9.255820059976147,3.3081356712626975,1.0,7.920141483437748,9.484360254752696,1.0,1.0,7.9568520348275555,9.981475888213737
ESH,4.072506474985618,2.0670247235782186,4.461614139032914,6.498703211886568,5.710176002374396,9.337317099188187,1.0,1.0,3.601795197477502,1.2403356402888692,3.1750261949956293,1.0811336332964512,3.8455040254742396,1.3426570991508955,4.08524488990315,1.5831360868422975,5.219716940412164,4.4190558054934925,5.137974360183884,4.410706125759673,1.0,1.0,1.0,1.0,6.435211216973755,10.0,5.661132772295426,8.726101414741821,1.0,1.0,1.0,1.0
ZMB,6.070449901471742,1.1845984688102824,1.0,1.0,1.0,1.0,7.3966331576540405,2.5480343858413934,7.3301675107800115,2.38906306538429,7.8052251533597055,3.977820632293071,8.303886045881965,5.9491934100714605,8.248687833052418,6.536030791298797,1.0,1.0,7.250221522616627,2.218140861871756,8.283756320300805,3.386145900505446,8.98148088094379,10.0,3.9730794972015633,1.0,8.504221736456682,9.882477159360628,1.0,1.0,8.51269243010603,9.999919957777522
SHN,,,1.0,1.0,1.0,1.0,1.0,1.0,,,,,1.0,1.0,1.0,1.0,1.0,1.0,,,1.0,1.0,1.0,1.0,1.6551226765628626,5.959146085487231,1.0,1.0,1.0,1.0,1.0,1.0
IDN,8.389139906116885,2.3238507288313475,7.4999773563434236,1.0,7.560301469299985,1.1732451427452228,9.009795698459635,3.353574136346923,9.80751013969235,9.226665211705278,9.813498104571543,9.303471694959201,9.880249907343531,7.612366825930796,9.676095962710432,7.12769692666009,5.140897984282988,1.0,8.100423764274751,1.5143469121889015,8.942784941052937,1.4590332539871183,8.60869351355575,1.9623973080219312,5.47521930518217,1.0,9.807157943929846,9.222169609744833,8.844836534751696,2.8068345737633766,8.823574370025886,2.745796336927248
SEN,6.71045339327698,2.0047030066918268,5.225037514098954,1.0,1.0,1.0,8.149745026541147,7.329374630905448,6.590788790735967,1.495566664608474,1.0,1.0,7.51898429230034,2.826241044154469,7.081792375304095,2.0798346069653713,5.461589917935942,1.0,8.160119294967986,7.4324366887481474,7.941156098567022,2.8575737397773056,7.407107305138956,3.106014052207053,7.420388127521237,1.964398697734963,8.352948292749527,9.679564895231302,1.0,1.0,8.356743193003478,9.73080540485926
xJL,,,1.0,1.0,1.0,1.0,3.834830332705569,2.556254472809662,1.0,1.0,1.0,1.0,5.044792380330821,10.0,4.9742229465705154,10.0,4.950205448252921,9.047299201153413,1.0,1.0,1.4788307463398822,1.0,1.0,1.0,1.0,1.0,4.947636214689474,10.0,1.0,1.0,1.0,1.0
xAB,5.208813241301302,10.0,1.0,1.0,1.0,1.0,4.8920509839016955,5.280722565144855,1.0,1.0,1.0,1.0,5.097692872557135,6.062804290765756,5.398421143295938,10.0,5.453825708258007,9.999999999999998,5.3689966129641356,10.0,5.111833613835701,7.110344058413874,5.605035303313781,10.0,1.0,1.0,5.3689966129641356,10.0,5.368583101787051,9.99473731840596,5.3689966129641356,10.0
xUK,,,1.3035418492078623,4.366306590816903,1.0,1.0,3.1639018792590923,8.274395857046906,1.0,1.0,1.0,1.0,2.649052561707129,4.053586262992122,2.6202815656761445,4.053586262992122,1.0,1.0,1.0,1.0,2.1677823296635323,4.5864218828093275,1.0,1.0,1.0,1.0,2.9433991854944974,6.159449148343254,1.0,1.0,1.0,1.0
ZAF,5.845278857112454,1.0,4.2422107754521265,1.0,7.581417135860342,2.044218823921916,8.11197854715398,3.472113365856822,7.343317173588629,1.6967014062246981,7.855472901048351,2.637906407930036,8.612351566359552,5.081962149003929,8.403815785612812,4.626929832940114,8.23066038457435,3.3861144855751117,7.3477321789893,1.7020573950735458,8.96496090930209,3.9802026154586345,8.40231835373203,4.681426139306051,7.340328286857655,1.2528819835791984,8.899164336430333,9.490190406029917,1.0,1.0,7.6747178734787,2.2190124853173536
MNE,3.8622511839283535,1.7983546608829182,2.878097564092827,1.0,1.0,1.0,4.893042396035163,3.4986826405439193,3.1614036774908643,1.0905611799030421,2.2938088606236153,1.0,5.538338168815252,6.807764581072658,5.4895888156203805,7.0879168886238535,4.9612435207447625,3.471676371735165,1.0,1.0,4.260525274181081,2.0022879839651218,4.621062719311851,3.879275987341311,1.0,1.0,5.706543007563949,9.936539849438008,1.0,1.0,1.0,1.0
COL,7.088060793798423,2.1487857194094095,5.490299073073754,1.0,7.454712665075055,2.313043818930144,7.844780914532922,3.4641328940975415,7.496470464097413,2.405985000037368,7.145070658033539,1.7819106024026201,8.79832474871039,9.192639649949157,8.590702887699829,8.33630367378782,4.906987542701008,1.0,7.497212470118846,2.407690965725772,8.083654835078752,2.3356298564364755,6.504751194459182,1.1362218284334038,5.423854692606053,1.0,8.670861545067039,9.989772785622302,8.08673138322756,4.61352769908264,8.07165844376589,4.528600461285963
BRA,7.788225242242554,1.8118385587090877,5.420563991858881,1.0,1.0,1.0,8.691520556001867,3.353274421197901,9.040745344815384,5.086916790503713,9.047106111241934,5.127909459378829,9.376212369016187,6.043182229640597,9.244026833264554,6.153591058307247,7.624962038956926,1.2987054505387312,8.85534911671639,4.0521522042666,9.659531746711915,3.7566267362599235,8.376144010512647,2.198434327792576,6.490034207442779,1.0,9.511795438999094,9.518705924437382,8.092971407214877,1.8843571728550486,8.092185140849375,1.8831310765699598
NZL,4.722150997897863,1.2881662492710835,3.528842343357586,1.0,7.030766573715171,10.0,5.451794446997598,1.7143937484884482,6.004120195453552,2.7891711970328,5.96649237841497,2.683652938616906,6.688846858016587,5.269861094719642,6.1149043147967514,3.0236542829934328,3.2857088516818695,1.0,1.0,1.0,5.689278620268897,1.7192832238760942,4.783227797567227,1.2149084187514365,2.5086230769673707,1.0,6.8897637629860675,8.23068151179718,1.0,1.0,1.0,1.0
xAP,4.613857946159682,2.1462379599357035,1.0,1.0,1.0,1.0,2.762089644207675,1.0,4.55625095755418,1.584652476179857,4.506728824966496,1.5352002447110156,6.078826783860219,6.708534486903909,5.78467442779689,5.148203235726745,2.2922315704032217,1.0,1.0,1.0,5.622965545174004,3.833613639456035,4.493031661114515,1.8607418007076582,2.8246778288966055,1.0,6.249664528139718,10.0,6.165829575872557,8.902674184166743,6.129536428011125,8.469092985024963
AND,,,1.0,1.0,1.0,1.0,3.7074409125161596,5.624150787816291,1.0,1.0,4.135121066156641,10.0,4.212280238138031,10.0,4.156235631599714,10.0,2.9176276324167993,2.240367201494932,1.0,1.0,1.0,1.0,1.0,1.0,1.0,1.0,4.135121066156641,10.0,1.0,1.0,1.0,1.0
GGY,,,3.198633706883048,10.0,4.051453728948127,10.0,1.0,1.0,,,,,1.0,1.0,1.0,1.0,1.0,1.0,,,1.0,1.0,1.0,1.0,1.0,1.0,3.6976681762789134,6.190505728584476,1.0,1.0,1.0,1.0
SLE,5.873423174232842,1.5428660181198022,4.476538916676909,1.0,1.0,1.0,7.591599067226305,6.774173434373215,6.57467171192846,2.1402737585447067,6.130418661524562,1.5316116946469633,7.430161957687499,4.520534144285177,6.756354741849339,2.442902538677134,1.0,1.0,7.605897013193307,6.904324253998834,8.896937181881151,10.0,8.472436460744317,10.0,4.827842098657236,1.0,7.861059340906307,9.778900762381006,1.0,1.0,7.8650105729748,9.832862884493158
SVK,5.63918197942864,2.6987084539759962,1.0,1.0,1.0,1.0,6.653285554353047,6.0273301391155085,6.456773891193052,4.694499869526275,7.02751565474281,10.0,6.569278771916981,4.572902314654879,6.763823494169449,6.625281237850968,6.0536387772097155,2.6654250168777827,1.0,1.0,5.156565096868077,1.2219404078388707,3.101425125200797,1.0,1.0,1.0,7.027288679469656,9.996833097917044,1.0,1.0,1.0,1.0
NPL,6.812497188050807,1.934193545870322,1.0,1.0,1.0,1.0,8.221384033666592,6.691694625609296,7.311173590850153,2.339026477921056,7.042467926129479,1.8557189377121521,5.96926822513389,1.0608442064988677,6.09608573383672,1.1192412292953793,3.1282804490589706,1.0,8.177900200472438,6.318305475486908,7.111030969980948,1.3104782853299133,5.785918793044571,1.0,3.770941707180372,1.0,8.516097045563734,9.999821183453747,5.520919007377827,1.0006736407529961,5.302816070469265,1.0
GRL,1.0,1.0,3.841999537947519,10.0,1.0,1.0,1.0,1.0,2.3714783694973445,2.0846423070406535,3.30409384042923,5.829319378416642,3.5508256168053345,7.449814455130504,3.517535120033858,7.562612882350029,2.7872481507139417,3.030285622263376,1.0,1.0,1.0,1.0,1.0,1.0,1.0,1.0,1.0,1.0,1.0,1.0,1.0,1.0
BVT,,,1.0,1.0,1.0,1.0,1.0,1.0,,,,,1.0,1.0,1.0,1.0,1.0,1.0,,,,,,,1.0,1.0,1.0,1.0,1.0,1.0,1.0,1.0
BWA,5.278183606309739,2.0332305398874686,1.0,1.0,1.0,1.0,5.399868708381328,1.740395614230231,3.3562413287276662,1.0,5.658432141238925,2.14542504489293,6.966127159190545,8.294842688300289,6.7354210301660995,6.998137034222367,1.0,1.0,6.900053977943696,9.224502521373147,7.067830325502824,7.11952799015741,5.3585634926373125,1.9803089073466194,5.184459927752732,1.3317842634266217,6.958055524809833,9.99883066974414,1.0,1.0,6.496759061357304,5.386435020946779
LBR,6.810127611483264,5.214763031993514,3.7879794355062044,1.0,1.0,1.0,6.960978028457648,4.2075270836409455,7.545659092993006,9.001828549418411,7.5444907495774665,8.987327447111776,7.559514058999303,7.399800031058458,6.905796633943547,3.7613005758828035,1.0,1.0,2.457363501214667,1.0,6.915018971928426,2.609184793323415,7.109239593721316,5.810618328441166,2.9241306301080106,1.0,7.619754541009629,9.976692427173976,1.0,1.0,7.568661507491015,9.292688113355375
ERI,4.231816635533113,1.0,3.2583581767121252,1.0,1.0,1.0,6.910500028205391,5.841248365173686,5.143334035169685,1.2363760367191798,5.771141011073632,1.7670454054765636,7.29503256829604,7.96555673226645,7.318314143288736,9.553477820251524,1.0,1.0,6.850438005536823,5.406843726596842,5.63575383104782,1.318118598600598,3.353038030439512,1.0,7.866148443874495,10.0,7.231869681943113,8.98670997907203,7.285237465401169,9.676798803987507,7.285237465401169,9.676310630724904
CXR,,,1.0,1.0,1.2219505358874212,10.0,1.0,1.0,,,,,1.0,1.0,1.0,1.0,1.0,1.0,,,,,,,1.0,1.0,1.0,1.0021313607253222,1.0,1.0,1.0,1.0
HMD,,,1.0,1.0,1.0,1.0,1.0,1.0,,,,,1.0,1.0,1.0,1.0,1.0,1.0,1.0,1.0,1.0,1.0,1.0,1.0,1.0,1.0,1.0,1.0,1.0,1.0,1.0,1.0
VAT,1.0,1.0,1.0,1.0,1.0,1.0,1.0,1.0,1.0,1.0,1.0,1.0,1.0,10.0,1.0,10.0,1.0,1.0,1.0,1.0,1.0,1.0,1.0,1.0,1.0,1.0,1.0,10.0,1.0,1.0,1.0,1.0
GNQ,5.365882913815472,2.4269116353181976,2.8594513480230512,1.0,1.0,1.0,6.611995758937926,7.10795115375804,6.6185418081847605,7.170554765107406,6.619240249498814,7.177271575099216,6.879402214863916,8.432830291560144,6.558524900211907,6.302636438864221,4.03013665549913,1.0164585653996876,1.0,1.0,1.0,1.0,2.3888084446347246,1.0,3.5104419850616213,1.0,6.834143460471006,9.626959388816047,1.0,1.0,6.788267235187476,9.034143162101149
UGA,5.371074339775484,1.0,1.0,1.0,1.0,1.0,8.948633245591978,8.112142214611518,7.127747844973282,1.3492330055699253,7.3733519321451055,1.5507863679008107,9.29662387756393,9.959189566888442,9.154613996514852,9.997095788385453,3.9485655441490755,1.0,7.610360607720157,1.8323737186366398,8.446131138876595,2.0295894782447155,8.252123858080061,3.218213655316682,3.5198546603180962,1.0,9.085619597852242,9.797841960072448,1.0,1.0,9.088245210103214,9.833740043356114
HUN,5.974696705854386,2.7258861504229515,1.0,1.0,1.0,1.0,7.140650374334172,7.534189721345083,6.846572177031195,5.127417771364071,7.3332317718980615,9.812984444517147,6.5912270252303475,3.2284912273042807,5.965196133369228,1.9452158010549039,5.256180481803546,1.2327459129079894,1.0,1.0,5.90399104163658,1.518307951087483,3.288842523830927,1.0,1.2659937497668832,1.0,7.344755929899465,9.971897888945604,1.0,1.0,1.0,1.0
xRI,,,1.583781269621376,6.28966727366628,3.3044029141685014,10.0,1.0,1.0,3.2909383421411906,9.814029594449972,3.2909383421411906,9.814029594449972,2.9103698268385827,5.536385205690905,2.8727946931333834,5.506531162072495,1.0,1.0,1.0,1.0,1.1032345452683003,1.7165446308264949,1.0,1.0,1.0,1.0,2.511387648206041,3.6001948415464446,1.0,1.0,1.0,1.0
IND,10.0,4.035154917273511,7.358587512549118,1.0,10.0,4.218340630046581,10.0,8.788424876378146,10.0,6.62387415479451,10.0,4.120493066158333,9.318091423208234,1.4563474036520376,9.8873438223584,2.5356015514209793,6.732134734911381,1.0,10.0,9.319282620061712,10.0,1.2351239337932989,9.445652144026043,1.4481728522449835,9.291202319704947,1.0836054102511756,10.0,9.906658279764699,10.0,7.171512937483631,10.0,6.96552827340709
JOR,4.118593236048854,1.0,1.0,1.0,1.0,1.0,7.347677348298426,4.549368008357096,4.4171387251322916,1.0,7.812060380152378,8.334546951438394,7.521436157259338,4.646266012414707,7.254184746794836,3.8665124954784242,6.775292341362184,2.1827000402812176,7.8675073112320355,8.994234776929677,6.791625491778284,1.6927655769159717,4.0876206454241775,1.0,7.951920951987402,5.342103657209178,7.943886655210363,10.0,1.0,1.0,1.0,1.0
LBN,3.4893941591658924,1.0,3.5244514626247376,1.0,1.0,1.0,6.932899778232823,5.345456718550777,1.0,1.0,4.326029312946991,1.0,5.6440828667258405,1.4260410224145657,5.4395271327155905,1.3372901620498983,4.835808827956943,1.0671583469349057,3.0799858670438622,1.0,6.737779428217026,2.8502743906677868,3.59603407922197,1.0,5.553478300671845,1.2437664589441233,7.400199827472411,9.999024612309649,1.0,1.0,1.0,1.0
LBY,5.460272749879952,1.4495882036899768,5.076803849814853,1.0,1.0,1.0,7.357895514869485,7.55491832049029,4.9306474182977595,1.0691880812704109,5.99596808856912,1.7305717540816525,6.530028134757709,2.429929267745748,5.0811742300266065,1.1025251675209602,7.507133603223454,7.793949655421853,7.300887561959259,6.998059821618133,6.847562017536017,2.6228069274157573,5.3740262712263736,1.21137770935742,7.866143215075246,8.072086252937591,7.532325696652787,9.595411349511297,1.0,1.0,1.0,1.0
BGD,9.44430337338692,10.0,9.036200589274426,6.912842349996562,9.595412429112768,9.196764724381058,9.599290732791093,9.246251858164648,9.561541580699583,8.776868674199669,9.464706673597705,7.690118001269937,8.41336350885102,1.9363667310192065,8.21228241491062,1.8299224482391356,1.0,1.0,9.533052787394897,8.440210696202888,8.191677291347004,1.1054821655369755,6.616428895792668,1.0,6.4212236828976454,1.0,9.642041445788458,9.811727813754878,7.712276598157981,1.3693775510304813,7.781712060516446,1.421125228490149
PSE,2.2117851158938877,1.0,1.0,1.0,1.0,1.0,5.48972509224731,1.2753327323278711,4.573994650292247,1.0,4.862528346189075,1.048932634350971,7.396882086514223,6.31377435161882,7.235873632584804,5.921607524504775,7.28473552354363,5.687283764221019,6.609275841926703,2.951464112767576,6.06999688985996,1.400102069513112,4.439435773964065,1.0,6.057345148713663,1.4489749735984838,7.581884270214999,9.99860616004664,1.0,1.0,1.0,1.0
MDA,4.6312191295776675,1.419838319892711,1.0,1.0,1.0,1.0,6.595502724943437,7.743385965998266,6.669511985753404,8.565642828951235,6.781373110222134,10.0,6.517574835590057,5.856602309467946,6.325269670783278,5.18263692524713,6.559519580980891,6.395362233171901,1.0,1.0,6.085313649491191,3.1646438332336277,2.1623258095374824,1.0,1.3483637902959602,1.0,6.781370590617527,9.999964838831586,1.0,1.0,1.0,1.0
SPM,,,1.0,10.0,1.9640446738345294,10.0,1.0,1.0,1.0,1.2302889076756218,1.0,1.2302889076756218,1.0,1.0,1.0,1.0,1.0,1.0,,,,,,,1.0,1.0,1.0,1.7278992118352035,1.0,1.0,1.0,1.0
MWI,5.7917814936035015,1.0553710249345232,1.0,1.0,1.0,1.0,8.388674130635895,8.325306426598003,6.5646029464115045,1.3600476528554513,6.6689319158562235,1.4383734058258622,8.21700308258694,5.275922064125237,7.814702043668023,3.774203214495484,1.0,1.0,6.799237764577294,1.5555753811649495,6.779878485982099,1.09706594475897,7.362365630497157,2.508960831695415,3.2301258885189843,1.0,8.471421120560994,9.329767772948921,1.0,1.0,8.521270831748154,9.999431236383147
TUR,6.712484550568158,1.258928523256126,4.91589527050887,1.0,1.0,1.0,8.714167428071185,6.57890685614295,7.673276112045798,2.056296928511971,8.17933268904899,3.403757255874236,8.54372980365554,4.213876619168434,8.386462639114008,4.087109943210844,7.744921209427269,1.9557851529355905,8.225096183410207,3.585308768970281,8.229039032674375,1.8425608854060815,7.999925284002911,2.7094636512655526,7.862271784085856,1.5841870386771675,9.002760805768776,9.739169037645006,1.0,1.0,1.0,1.0
UKR,6.586439964209571,2.0848529852625566,4.762691505703503,1.0,1.0,1.0,7.893650055364212,6.48274886316274,7.6642145509014465,4.828163522966432,8.18110754470128,9.574291876026967,7.646833340425092,3.8955570958306325,7.324446553879417,3.0891343625575973,7.643472358827398,4.0231331584531445,1.0,1.0,7.316996657028966,1.9693218072071015,6.185705330122145,1.273616743215563,4.169454597358815,1.0,8.193841094584513,9.745334359456413,1.0,1.0,1.0,1.0
YEM,6.493361296082245,1.1966480465822489,5.418673119097536,1.0,7.107228094306739,1.4838463666800839,7.503605147058318,1.9652624774431966,6.889761864595087,1.3207195805198462,7.496334039719294,1.9535394978286145,9.082124590819294,9.753293382054357,8.9326727775565,9.640163440844528,1.0,1.0,8.116032119318058,3.6131683217142223,6.818749101489672,1.0,5.087452052791067,1.0,9.584973817828763,9.912919588275141,8.882655218444953,9.681142688666762,7.891766078180638,2.8256918731754608,8.537291001501089,6.071570827090106
ARM,4.418075771559513,1.2686732206300086,1.0,1.0,1.0,1.0,6.374229277380513,5.9340076602915515,5.294483719533246,1.8669431049995922,5.918858358955244,3.4068368324806184,6.637097727629984,7.019996087354152,6.633279151008525,7.967472546238883,3.571578143195935,1.0,3.484762874334165,1.0,4.432517705301358,1.0145882501571761,2.52691138616734,1.0,4.144485282269766,1.0,6.746088933991686,9.801825052066254,1.0,1.0,1.0,1.0
IRN,7.7566569072433555,2.7665064436161915,6.83698826902287,1.0,6.381063306068365,1.0537909573233601,8.202718619356187,3.2799489541395,7.822121833342646,2.230917124104555,8.75257628930674,6.423225107213078,9.012757762041158,7.027244169068237,8.797123127640036,6.359148938973688,7.731175736857428,1.849053459859805,8.765797255021788,6.536277401892589,7.676688775523292,1.2202352423207772,7.698268351027968,1.9150754816447957,9.477138671343527,6.86421385995992,9.06749835582292,9.850899636496347,3.970649738660901,1.0,3.970649738660901,1.0
NGA,8.525616507052435,2.176936741838649,6.792251919089454,1.0,1.0,1.0,9.946227377111846,8.474566980435077,9.9006052091269,7.962863973457175,9.898573966212712,7.940904047509837,9.983694859524492,6.662898159089795,10.0,8.400196430244307,1.0,1.0,9.981213838420432,8.891988713131948,8.844863927859612,1.1901886047454424,9.364607418064892,3.3227951237435875,7.3865558762270105,1.0,10.0,9.905695421990812,1.0,1.0,10.0,9.990302112381308
BEN,6.281826140958152,1.5645110151939516,3.778135383873403,1.0,1.0,1.0,8.051035791831678,7.526090882669887,7.823100900332536,5.572510991187226,7.862190055766947,5.860900943265382,8.404301176658702,9.570798896899896,8.274050869343741,9.556710654442934,1.0,1.0,8.07930660462204,7.819572930575653,7.094631288813808,1.5936861100429862,7.925016333229136,6.577530468844563,3.8273374218973326,1.0,8.24314675472698,9.795680183864105,1.0,1.0,8.256957717535448,9.986092607609109
CMR,7.035444602869752,1.9797494258384927,4.448043869075373,1.0,1.0,1.0,8.349812980493464,6.151414551786701,8.690344778517105,9.750979286436456,8.654113786022048,9.27264813735346,8.450820476937931,5.560123449685409,8.595891650196826,7.983654315387132,1.0,1.0,8.127237838374135,4.6342120552454285,6.9208310449947685,1.0541324329585664,8.069344995161954,4.282482324647013,5.371165128500211,1.0,8.707873198076014,9.992118658152853,1.0,1.0,8.705029776942839,9.952559340202809
BLR,5.479782638249944,1.6784826303929488,1.0,1.0,1.0,1.0,7.003580355671472,6.009479878993256,5.876633509826351,1.8133760625114463,7.363531451304725,9.77188572428914,7.016213029830839,5.074764197429708,6.7321225007014345,4.079146778373396,6.962570526736827,4.921463030052078,1.0,1.0,5.830649177668448,1.4081374127869917,4.84406283649431,1.0235839122007402,2.3518150682051338,1.0,7.3797741936840655,9.995644448849156,1.0,1.0,1.0,1.0
BOL,5.952485357230298,1.5319310828201798,1.0,1.0,1.0,1.0,7.263704239542376,4.009866453842944,7.419289786788168,4.846350307469863,7.367381499747463,4.544794788950421,8.036729495671043,8.745889997073544,7.932757420820362,8.973761621569068,5.411691940878682,1.0671922516063048,7.372830243439822,4.575331821106931,7.313706249144589,2.5543488980841706,7.143066460846516,3.8578046044049326,7.463089696809448,3.1033847064404028,7.963675360398115,9.98975778925285,7.350042625472263,4.449496856333721,7.305826289527058,4.216985766052834
KHM,7.615739171411413,6.988147494879795,4.116086443689059,1.0,8.18843048367218,9.981580615321937,8.015552553722848,7.8669324017874445,6.707618619859845,1.8434602397566624,7.974975229539197,7.44676070308886,8.324546700741134,9.443626934809638,8.23375667561493,9.938979356849346,1.0,1.0,8.156311846887528,9.545119263957673,6.7765206662441475,1.3645757193281747,7.658016141589359,5.225962692329237,5.876367158010336,1.0118994175583669,8.160711887437024,9.603647127843775,8.052584372433389,8.27432480656985,8.011289087238437,7.821544361326257
ITA,6.65524578201015,1.8727161425497787,5.778627476299382,1.0,1.0,1.0,8.1629205694114,7.23690965214616,6.9250902044460965,1.8554016886463076,7.474657950608137,3.1090382460581742,8.331241378507054,7.161825376106096,8.299270194218439,8.146781928594494,6.221087229931006,1.183737151564797,6.008867200471618,1.1409469689574272,7.379735739732396,1.7288530029038578,6.824022706936905,1.7402812837206267,3.6306058196547046,1.0,8.353843588011484,9.391828703185942,1.0,1.0,1.0,1.0
TUV,,,1.0,1.0,2.408485874728494,8.377615994142328,1.0,1.0,,,,,2.407647808666698,7.990748777257929,1.0,1.0,1.0,1.0,1.0,1.0,,,,,1.0,1.0,1.0,1.0,1.0,1.0,1.0,1.0
MUS,,,1.0,1.0,6.0737079559594385,10.0,5.566469486763021,5.0820904350539,1.0,1.0,1.0,1.0,6.193491613725893,9.93098569537212,1.0,1.0,1.0,1.0,1.0,1.0,5.3408714683778165,3.5863367453737416,1.0,1.0,1.0,1.0,5.8191333530143154,7.059314614327985,1.0,1.0,1.0,1.0
GLP,,,2.592834319112927,1.0738358470847151,5.324228829140045,10.0,1.0,1.0,1.0,1.0,1.0,1.0,5.42943304715991,9.983394142433188,1.0,1.0,1.0,1.0,1.0,1.0,3.9163791908835974,2.2368757767302974,1.0,1.0,1.0,1.0,5.192281651806848,8.33316897518096,1.0,1.0,1.0,1.0
DOM,5.426703676768675,1.2094314748691897,4.8521175625726025,1.0,7.839718171363236,9.999999999999996,7.1405000580271825,4.01695419430136,6.832974540952026,2.8474975748112388,1.0,1.0,7.996640700213366,9.845900460302698,1.0,1.0,1.0,1.0,5.985920460428423,1.437222534096407,6.2230946584044275,1.2686571307446513,5.380204188993739,1.0331778153782294,2.5577102580701667,1.0,7.802216243640819,9.491437115088997,1.0,1.0,1.0,1.0
PRI,,,3.6983036293080405,1.0,6.545521953862014,10.0,5.683820103557121,3.3308972649679727,4.370248278440588,1.2315130553143527,4.370248278440588,1.2315130553143527,6.674961868640974,9.904590724320448,1.0,1.0,1.0,1.0,1.0,1.0,5.504036372587574,2.4106717163970632,2.1983263755078264,1.0,1.0,1.0,6.530958596665055,9.799022315953977,1.0,1.0,1.0,1.0
MHL,,,4.066445590939315,10.0,4.252413229985137,9.911290711276173,1.0,1.0,,,,,4.196096390678819,8.247869718770412,1.0,1.0,1.0,1.0,1.0,1.0,,,,,1.0,1.0,1.0,1.0,1.0,1.0,1.0,1.0
BMU,,,1.0,1.0,4.044854650551423,10.0,1.0,1.0,,,,,4.119792255410251,10.0,1.0,1.0,1.0,1.0,1.0,1.0,,,,,1.717975586542328,1.2624052107566852,2.963238655633706,2.637036187619189,1.0,1.0,1.0,1.0
BES,,,1.1965152756045225,2.244802489761663,3.642334406761666,10.0,2.16203584838844,1.8460952637831594,1.0,1.0,1.0,1.0,3.7073654950741837,10.0,1.0,1.0,1.0,1.0,1.0,1.0,1.0,1.0,1.0,1.0,2.016339554005526,2.0475256591899287,3.495463629496763,8.165027241543646,1.0,1.0,1.0,1.0
BRB,,,1.0,1.0,5.164194518299814,10.0,1.0,1.0,1.0,1.0,1.0,1.0,5.266679365845811,9.999985244655687,1.0,1.0,1.0,1.0,1.0,1.0,1.0,1.0,1.0,1.0,1.0,1.0,5.024409109628488,8.24437675553953,1.0,1.0,1.0,1.0
KNA,,,1.0,1.0,4.0234134787043025,10.0,3.419925231042626,4.508919454122596,1.0,1.0,1.0,1.0,4.097823390044722,10.0,1.0,1.0,1.0,1.0,1.0,1.0,1.0,1.0,1.0,1.0,1.0,1.0,3.573189734117781,5.46377386455165,1.0,1.0,1.0,1.0
GRD,,,1.0,1.0,4.673292560729804,10.0,1.0,1.0,1.0,1.0,1.0,1.0,4.6949341591875875,9.11008843612285,1.0,1.0,1.0,1.0,1.0,1.0,1.0,1.0,1.0,1.0,1.0,1.0,4.340676858035691,6.364954620835702,1.0,1.0,1.0,1.0
VCT,,,1.0,1.0,4.623171131497159,10.0,1.0,1.0,,,,,4.712341813762362,10.0,1.0,1.0,1.0,1.0,1.0,1.0,1.0,1.0,1.0,1.0,1.0,1.0,4.2116515104886245,5.742581759580476,1.0,1.0,1.0,1.0
BHS,,,3.6515869276080606,3.7263197386527205,5.424773278855078,10.0,1.0,1.0,3.8904477580096195,1.771520470327619,3.8904477580096195,1.771520470327619,5.532721772121726,9.987062171977954,1.102147710399679,1.0,1.0,1.0,1.0,1.0,3.4115041412718408,1.395820511333807,2.534531226065784,1.0,2.346943106251912,1.0,5.052030640995159,6.039030168715052,1.0,1.0,1.0,1.0
KIR,,,4.397107238202739,10.0,1.0,1.0,1.0,1.0,,,,,5.0658846796224575,9.56449258933767,1.0,1.0,1.0,1.0,1.0,1.0,1.0,1.0,1.0,1.0,3.623576985061218,2.1185614819312186,1.3440115648773894,1.0,1.0,1.0,1.0,1.0
COK,,,1.0,1.0,3.384666262868472,9.999999999999996,1.0,1.0,,,,,3.4271806086927263,9.782343791560796,1.0,1.0,1.0,1.0,1.0,1.0,1.0,1.0,1.0,1.0,1.0,1.0,1.0,1.0,1.0,1.0,1.0,1.0
CUW,,,1.0,1.0,4.799674740915149,10.0,3.94362363751189,3.3519959137977557,1.0,1.0,1.0,1.0,4.829511107998341,9.172796359115205,1.0,1.0,1.0,1.0,1.0,1.0,1.0,1.0,3.967358092883094,5.971053888083606,1.0,1.0,4.772936957799827,9.634426227933359,1.0,1.0,1.0,1.0
BLM,,,1.0,1.0,3.1419699024105583,10.0,1.0,1.0,,,,,3.1946864070020906,10.0,1.0,1.0,1.0,1.0,1.0,1.0,,,,,1.0,1.0,2.5841111291326673,4.77010570579897,1.0,1.0,1.0,1.0
NIU,,,1.0,1.0,1.7731013581381947,10.0,1.0,1.0,,,,,1.7921283301092514,10.0,1.0,1.0,1.0,1.0,1.0,1.0,1.0,1.0,1.0,1.0,1.0,1.0,1.0,1.0,1.0,1.0,1.0,1.0
MAF,,,2.200850996513334,7.078833402823169,3.758391059997364,10.0,1.2918130741964058,1.1152592570808908,,,,,3.8250602592000487,9.983423614246108,1.0,1.0,1.0,1.0,1.0,1.0,1.0,1.0,1.0,1.0,1.0,1.0,3.4608994021154187,6.667195416858542,1.0,1.0,1.0,1.0
FSM,,,1.9408761649087394,1.0,4.8674699300178865,9.987252655968817,1.0,1.0,,,,,4.9379235524097576,9.657066276455135,1.0,1.0,1.0,1.0,1.0,1.0,1.0,1.0,1.0,1.0,1.0,1.0,1.0,1.0,1.0,1.0,1.0,1.0
BHR,,,4.243836922613087,2.0659336932023424,1.0,1.0,1.0,1.0,6.317855990945686,9.988917166922802,6.318075047857164,9.991970906159336,6.449233350116666,9.995699635362953,1.0,1.0,1.0,1.0,6.318342424649934,9.995699635362953,1.0,1.0,1.0,1.0,5.2263058374805365,2.2708542105868306,5.691866125920159,4.382460211724282,1.0,1.0,1.0,1.0
MTQ,,,1.2779108122859317,1.0,5.206295037287961,10.0,3.1430286873574174,1.2920006502690837,1.0,1.0,1.0,1.0,5.294509155927561,9.793880387124933,2.130205442739702,1.0,1.0,1.0,1.0,1.0,2.0165996747670545,1.0,1.0,1.0,1.0,1.0,5.14171190686246,9.14197298007852,1.0,1.0,1.0,1.0
ABW,,,1.0,1.0,4.530077459627725,10.0,1.0,1.0,1.0,1.0,1.0,1.0,4.534928340913326,8.948703147945832,1.0,1.0,1.0,1.0,1.0,1.0,1.0,1.0,1.0,1.0,3.7288566130699725,3.8995012613383526,4.463934376974574,9.122281981423777,1.0,1.0,1.0,1.0
VGB,,,1.0,1.0,3.7947965191926363,10.0,1.0,1.0,,,,,3.8635798869563995,10.0,1.0,1.0,1.0,1.0,1.0,1.0,,,,,1.0,1.0,3.378246172359561,5.705399125740636,1.0,1.0,1.0,1.0
TKL,,,1.0,1.0,2.196801806660166,10.0,1.0,1.0,,,,,2.2262565659753895,10.0,1.0,1.0,1.0,1.0,1.0,1.0,,,,,1.0,1.0,1.5773443025929565,4.4217471091918865,1.0,1.0,1.0,1.0
TTO,,,1.99608013026009,1.0,6.269720853317843,10.0,5.971067231460767,6.656933951757606,1.0,1.0,1.0,1.0,6.399415142321338,10.0,1.0,1.0,1.0,1.0,1.0,1.0,1.0,1.0,4.778104479131961,2.367249205900542,1.0,1.0,6.248166266370163,9.704126276254708,1.0,1.0,1.0,1.0
AIA,,,1.0,1.6166262007868832,3.2380110263939743,10.0,1.0,1.0,,,,,3.2930912207589955,10.0,1.0,1.0,1.0,1.0,1.0,1.0,1.0,1.0,1.0,1.0,1.0,1.0,2.801156897971307,5.558215974461106,1.0,1.0,1.0,1.0
CYM,,,2.6589158960652703,6.3757167935534484,4.220705418390815,10.0,1.0,1.0,1.0,1.0,1.0,1.0,4.299970926176662,10.0,1.0,1.0,1.0,1.0,1.0,1.0,1.0,1.0,1.0,1.0,1.0,1.0,3.9951862439376367,7.3398345735762796,1.0,1.0,1.0,1.0
MSR,,,1.0,1.0,2.420418099411653,10.0,1.1983359803981521,2.3018817499955735,,,,,2.272207123953037,7.818289378550183,2.250010944787012,7.818289378550183,1.0,1.0,1.0,1.0,1.0,1.0,1.0,1.0,1.0,1.0,1.958874479500735,5.385312402378822,1.0,1.0,1.0,1.0
MDV,,,1.0,1.0,1.7081561907397145,1.0,1.0,1.0,,,,,5.722172749589438,9.917722594361653,1.0,1.0,1.0,1.0,1.0,1.0,,,,,4.909881312185176,3.6284045274228633,2.9737860723526435,1.066858927016576,1.0,1.0,1.0,1.0
DMA,,,1.0,1.0,4.241018651554795,10.0,3.0050421082967693,2.272489851155197,1.0,1.0,1.0,1.0,4.250655924463336,9.093327795512792,1.0,1.0,1.0,1.0,1.0,1.0,1.0,1.0,1.0,1.0,1.0,1.0,4.073514214146587,7.938805452195637,1.0,1.0,1.0,1.0
WSM,,,1.0,1.0,5.474397723191236,10.0,1.0,1.0,5.2975357065236635,7.838549498055528,5.2975357065236635,7.838549498055528,5.57493889587549,9.870463844720444,1.0,1.0,1.0,1.0,1.0,1.0,4.918478111959498,4.9803291944737484,2.379730564971317,1.0,1.0,1.0,3.229432438835719,1.1988011130934124,1.0,1.0,1.0,1.0
PLW,,,1.0,1.7347493314321778,3.361518766015762,10.0,1.0,1.0,1.919707138980634,1.903121073443664,1.919707138980634,1.903121073443664,3.4196386372294336,10.0,1.0,1.0,1.0,1.0,1.0,1.0,1.0,1.0,1.0,1.0,1.0,1.0,1.0,1.0,1.0,1.0,1.0,1.0
ATG,,,1.8268098031207725,1.4452542407047968,4.471554362287108,10.0,4.2431206359568066,7.311127675787901,1.0,1.0,1.0,1.0,4.556993570033822,10.0,1.0,1.0,1.0,1.0,1.0,1.0,1.0,1.0,1.0,1.0,1.0,1.0,4.425539825275643,9.380018254351768,1.0,1.0,1.0,1.0
CUB,4.145440315923441,1.0,5.184302295222504,1.232927757380891,7.464190261129616,10.0,7.063382648307936,5.822718521262353,6.735362034476108,3.8788541709502753,6.689346205623519,3.6763167921617423,7.622944477711563,9.995405432028125,1.8180401181344,1.0,1.0,1.0,6.428047321908888,2.761962639938047,6.862339012519861,2.9777257070773273,6.015870132443938,2.149124519127434,3.5948000280725654,1.0,7.451083002751492,9.818915263887744,1.0,1.0,1.0,1.0
VIR,,,1.0,1.0,4.350180803462846,10.0,3.3909364328815563,2.9941149543801595,,,,,4.432632859166085,10.0,1.0,1.0,1.0,1.0,1.0,1.0,1.0,1.0,1.0,1.0,1.0,1.0,4.2710472462904505,8.960123970359831,1.0,1.0,1.0,1.0
TON,,,1.0,1.0,4.957020023635833,9.999999999999995,1.0,1.0,1.0,1.0,1.0,1.0,5.03466832037186,9.735096318203599,1.0,1.0,1.0,1.0,1.0,1.0,1.0,1.0,1.0,1.0,1.0,1.0,2.975179783970961,1.3429817557786292,1.0,1.0,1.0,1.0
CPV,,,1.0,1.0,5.825431483847318,9.999999999999996,1.0,1.0,1.0,1.0,1.0,1.0,5.755016910304452,7.756407322367197,3.523862961287616,1.1678956442315622,1.0,1.0,1.0,1.0,3.3679411642192574,1.0512248838682272,1.641333088453072,1.0,5.972078357006447,9.189311459404486,5.340854742826096,5.229811217142336,1.0,1.0,5.112338311918536,3.9514597667118054
COM,,,1.9041599180091122,1.0,6.3557300404381785,10.0,1.0,1.0,1.0,1.0,1.0,1.0,6.4850892130190605,9.966666618948556,4.490200759124697,1.4095347075266937,1.0,1.0,1.0,1.0,1.0,1.0,1.0,1.0,1.0,1.0,5.827342278433129,4.94878804894695,1.0,1.0,6.353909043545011,9.974623361574462
SGP,,,1.1126192270139952,1.0,1.0,1.0,4.921142293969993,1.3384990931225935,6.909747790225548,10.0,6.909747790225548,10.0,7.055193926591713,10.0,1.0,1.0,1.0,1.0,1.0,1.0,1.0,1.0,1.0,1.0,1.0,1.0,6.651193053526795,7.02185295814342,1.0,1.0,1.0,1.0
JAM,3.7095139344585895,1.0,4.026470347901734,1.0,6.739355847707291,10.0,6.191272505270733,4.828480364554069,1.0,1.0,1.0,1.0,6.880608429528166,10.0,1.0,1.0,1.0,1.0,1.0,1.0,5.474128289481261,1.9209266308640494,4.840612447031979,1.5783574973056305,1.0,1.0,6.721774697715935,9.757935100037251,1.0,1.0,1.0,1.0
SXM,,,2.1879814624207388,5.93303002699157,3.86234452965134,10.0,3.4889118086364803,6.0335988151938595,,,,,3.9327903367423263,10.0,1.0,1.0,1.0,1.0,1.0,1.0,1.0,1.0,1.0,1.0,1.0,1.0,3.4675941417369724,5.868619400883542,1.0,1.0,1.0,1.0
VUT,,,3.4849217070840925,1.873720369369504,5.729220682524895,9.999999999999996,4.075634078033794,1.6272426955942798,4.908154078822723,3.486774334609027,4.914665800169891,3.512669709232801,5.8273154893834995,9.754180571110695,2.423888273732997,1.0,1.0,1.0,1.0,1.0,2.5384268548076734,1.0,2.4690794923617982,1.0,1.0,1.0,5.165077413826472,4.733037363734799,5.681658772974263,9.360391470889095,5.677559493636077,9.306910146716811
SLB,,,4.54258367610694,3.1026477088832265,6.2841087533923226,9.635070550475442,5.372015031277706,3.060642250949855,5.486214618322293,3.472894621231872,5.692294298112403,4.426891562300886,6.4222493158612135,9.741504395161,2.8445191584659506,1.0,1.0,1.0,1.0,1.0,1.0,1.0,1.0,1.0,1.0,1.0,5.968294295565382,6.28276376557208,6.263205518483073,9.359989251521538,6.263468699960001,9.362933552487881
FJI,,,5.022705022495753,6.878620666882,6.205290035902827,10.0,4.902124913302307,2.138879802381927,1.0,1.0,1.0,1.0,6.331445633464176,9.973439697249864,1.0,1.0,1.0,1.0,1.0,1.0,2.0039073769682507,1.0,2.7369689951909617,1.0,1.0,1.0,5.918187143615585,6.759757995255671,1.0,1.0,1.0,1.0
LCA,,,1.0,1.0,4.887294194311684,10.0,3.951496428324715,3.0705256991723027,1.0,1.0,1.0,1.0,4.982965268873679,10.0,1.0,1.0,1.0,1.0,1.0,1.0,1.0,1.0,1.0,1.0,1.0,1.0,4.702605844013478,7.75579798850858,1.0,1.0,1.0,1.0
STP,,,1.0,1.0,1.0,1.0,5.315069202383471,7.434632509132976,5.4994136959403015,9.568991200624403,5.4994136959403015,9.568991200624403,5.642570155862452,10.0,1.0,1.0,1.0,1.0,1.0,1.0,1.0,1.0,1.0,1.0,1.0,1.0,4.470074136188799,2.6926459589811262,1.0,1.0,5.515085259761923,9.779846239488371
HTI,4.778308687896635,1.0,4.2644391638840276,1.0,7.961018415464492,10.0,7.441350577600325,5.00322525495387,7.029586080351169,3.0850585106207165,1.0,1.0,8.131480491809036,9.988333657103958,1.0,1.0,1.0,1.0,5.748067353679909,1.2133941704969642,5.513670922238299,1.0,4.449983601681412,1.0,4.582684762567373,1.0,7.949141405085099,9.835757369511581,1.0,1.0,7.022749039535141,3.0623406198751604
NRU,,,1.0,1.0,1.0,1.0,1.0,1.0,,,,,3.559269782215905,9.188390416639466,1.0,1.0,1.0,1.0,1.0,1.0,,,,,1.0,1.0,,,1.0,1.0,1.0,1.0
TCA,,,1.278270016909529,1.6031112972009203,3.9320061422914367,10.0,1.0,1.0,1.0,1.0,1.0,1.0,4.004166407049855,10.0,1.0,1.0,1.0,1.0,1.0,1.0,1.0,1.0,1.0,1.0,1.8345732831370642,1.4358852331566492,3.634153442726479,6.664005047423857,1.0,1.0,1.0,1.0
SYC,,,1.0,1.0,1.0,1.0,1.0,1.0,,,,,4.813949093256518,9.998515137400286,1.0,1.0,1.0,1.0,1.0,1.0,1.0,1.0,1.0,1.0,1.0,1.0,2.632535405637819,1.2766564407866006,1.0,1.0,1.0,1.0
