system:index,ISO3,name,pop_exposed_ge1,pop_exposed_ge2,pop_exposed_ge3,pop_exposed_ge4,pop_exposed_ge5,pop_exposed_ge6,pop_exposed_ge7,pop_exposed_ge8,pop_exposed_ge9,ucode,.geo
0,ABW,Aruba,22562.39640998819,20077.97773956783,3743.6022930236345,0.0,0.0,0.0,0.0,0.0,0.0,ABW_V2,"{""type"":""MultiPoint"",""coordinates"":[]}"
0,AFG,Afghanistan,20467904.86163988,17113949.969804056,9156656.05891296,1558763.8098830488,132298.46886989096,958.6585711293598,0.0,0.0,0.0,AFG_V1,"{""type"":""MultiPoint"",""coordinates"":[]}"
0,AGO,Angola,17882050.55003665,12049929.530634698,2867299.366152684,284114.7210726947,9204.0114653978,0.0,0.0,0.0,0.0,AGO_V1,"{""type"":""MultiPoint"",""coordinates"":[]}"
0,AIA,Anguilla,3104.597888576349,3104.597888576349,3104.597888576349,46.24979691627049,0.1014862820506095,0.0,0.0,0.0,0.0,AIA_V2,"{""type"":""MultiPoint"",""coordinates"":[]}"
0,ALA,Åland Islands,0.0,0.0,0.0,0.0,0.0,0.0,0.0,0.0,0.0,ALA_V1,"{""type"":""MultiPoint"",""coordinates"":[]}"
0,ALB,Albania,557888.2671304278,368762.0820253216,67536.41686618135,8826.794212456405,133.17587240756257,0.0,0.0,0.0,0.0,ALB_V1,"{""type"":""MultiPoint"",""coordinates"":[]}"
0,AND,Andorra,12304.924942536496,6382.135960494563,0.0,0.0,0.0,0.0,0.0,0.0,0.0,AND_V1,"{""type"":""MultiPoint"",""coordinates"":[]}"
0,ARE,United Arab Emirates,1954263.5713805363,1884672.1302331705,1618647.32784194,244617.2416307874,31693.23634401877,68.81671535596251,0.0,0.0,0.0,ARE_V1,"{""type"":""MultiPoint"",""coordinates"":[]}"
0,ARG,Argentina,11112698.574896527,6816078.097330877,2427250.1972453548,503416.491147978,41400.63981233349,19.769023885484785,0.0,0.0,0.0,ARG_V1,"{""type"":""MultiPoint"",""coordinates"":[]}"
0,ARM,Armenia,655030.895184153,355121.64430915134,24099.63698942728,2190.166476999845,114.96721730107674,0.0,0.0,0.0,0.0,ARM_V1,"{""type"":""MultiPoint"",""coordinates"":[]}"
0,ASM,American Samoa (USA),15601.651859219894,15601.651859219894,0.0,0.0,0.0,0.0,0.0,0.0,0.0,ASM_V1,"{""type"":""MultiPoint"",""coordinates"":[]}"
0,ATA,Antarctica,0.0,0.0,0.0,0.0,0.0,0.0,0.0,0.0,0.0,ATA_V1,"{""type"":""MultiPoint"",""coordinates"":[]}"
0,ATF,Bassas da India,0.0,0.0,0.0,0.0,0.0,0.0,0.0,0.0,0.0,ATF1_V1,"{""type"":""MultiPoint"",""coordinates"":[]}"
0,ATF,French Southern Territories,0.0,0.0,0.0,0.0,0.0,0.0,0.0,0.0,0.0,ATF_V1,"{""type"":""MultiPoint"",""coordinates"":[]}"
0,ATF,Juan de Nova Island,0.0,0.0,0.0,0.0,0.0,0.0,0.0,0.0,0.0,ATF3_V1,"{""type"":""MultiPoint"",""coordinates"":[]}"
0,ATF,Europa Island,0.0,0.0,0.0,0.0,0.0,0.0,0.0,0.0,0.0,ATF2_V1,"{""type"":""MultiPoint"",""coordinates"":[]}"
0,ATG,Antigua and Barbuda,20623.899412677707,20623.899412677707,16841.543840722832,182.52926307490063,0.0,0.0,0.0,0.0,0.0,ATG_V2,"{""type"":""MultiPoint"",""coordinates"":[]}"
0,AUS,Australia,5200386.938618549,2546547.568341839,802142.1820641296,211604.00722073772,32063.59154726932,1382.210734009577,15.114257995592196,0.0540820000460371,0.0,AUS_V1,"{""type"":""MultiPoint"",""coordinates"":[]}"
0,AUS,Ashmore and Cartier Islands,0.0,0.0,0.0,0.0,0.0,0.0,0.0,0.0,0.0,AUS1_V1,"{""type"":""MultiPoint"",""coordinates"":[]}"
0,AUT,Austria,1429763.4267334566,617169.2197269769,66320.33667279268,461.47630463165285,0.0,0.0,0.0,0.0,0.0,AUT_V1,"{""type"":""MultiPoint"",""coordinates"":[]}"
0,AZE,Azerbaijan,2682671.106156308,1551190.3118314974,588050.1402639606,98587.21943686545,2994.6893598160686,39.25554253381549,0.0,0.0,0.0,AZE_V1,"{""type"":""MultiPoint"",""coordinates"":[]}"
0,BDI,Burundi,7250336.507113609,2316918.847090956,119039.43701232351,167.049016468373,0.0,0.0,0.0,0.0,0.0,BDI_V1,"{""type"":""MultiPoint"",""coordinates"":[]}"
0,BEL,Belgium,2293030.8140858603,769342.6007839735,102969.76904416442,7120.393120100929,119.52667418657802,0.0,0.0,0.0,0.0,BEL_V1,"{""type"":""MultiPoint"",""coordinates"":[]}"
0,BEN,Benin,6826298.620955895,6645002.113566607,4373389.77821809,952771.03205843,20912.83025534036,2.753041982650757,0.0,0.0,0.0,BEN_V1,"{""type"":""MultiPoint"",""coordinates"":[]}"
0,BES,Bonaire,4758.154681476187,4758.154681476187,1003.3148053050116,22.469447890157788,0.1068589985370636,0.0,0.0,0.0,0.0,BES3_V2,"{""type"":""MultiPoint"",""coordinates"":[]}"
0,BES,Saba,335.72274976175487,335.72274976175487,335.72274976175487,0.0,0.0,0.0,0.0,0.0,0.0,BES1_V2,"{""type"":""MultiPoint"",""coordinates"":[]}"
0,BES,Sint Eustatius,681.2318620659117,681.2318620659117,681.2318620659117,0.0,0.0,0.0,0.0,0.0,0.0,BES2_V2,"{""type"":""MultiPoint"",""coordinates"":[]}"
0,BFA,Burkina Faso,11453005.340204276,11403463.872233955,9873298.966308784,1038539.0821145268,37759.72081476121,245.59210299677216,0.0,0.0,0.0,BFA_V1,"{""type"":""MultiPoint"",""coordinates"":[]}"
0,BGD,Bangladesh,58945359.85490563,58584890.66685848,51842119.62841171,30227849.52640585,4423518.554688969,119455.42057832408,446.9219511449337,0.0,0.0,BGD_V1,"{""type"":""MultiPoint"",""coordinates"":[]}"
0,BGR,Bulgaria,1006266.302615698,662583.7732819528,73543.44058903126,878.9450803619342,0.0,0.0,0.0,0.0,0.0,BGR_V1,"{""type"":""MultiPoint"",""coordinates"":[]}"
0,BHR,Bahrain,351343.82720680576,351243.99878589815,34696.43095088585,400.478016016044,26.929940381500067,0.0,0.0,0.0,0.0,BHR_V2,"{""type"":""MultiPoint"",""coordinates"":[]}"
0,BHS,Bahamas,89094.0573475077,89093.99168646884,76770.09301425022,5009.380074727994,223.5582397710376,0.0165760000236332,0.0,0.0,0.0,BHS_V2,"{""type"":""MultiPoint"",""coordinates"":[]}"
0,BIH,Bosnia and Herzegovina,512376.687118092,301575.0885854993,26107.242252615448,1010.5850734874898,0.0,0.0,0.0,0.0,0.0,BIH_V1,"{""type"":""MultiPoint"",""coordinates"":[]}"
0,BLM,Saint Barthélemy,2679.0484541813685,2679.0484541813685,2679.0484541813685,0.4078125922703275,0.0,0.0,0.0,0.0,0.0,BLM_V2,"{""type"":""MultiPoint"",""coordinates"":[]}"
0,BLR,Belarus,1784879.357424116,1052563.9090188027,88144.93431537766,3535.1144483956414,10.048820044845344,0.0,0.0,0.0,0.0,BLR_V1,"{""type"":""MultiPoint"",""coordinates"":[]}"
0,BLZ,Belize,133344.08516904924,120446.42921980812,49894.0728032108,7098.569547780559,53.03173879420969,0.0,0.0,0.0,0.0,BLZ_V1,"{""type"":""MultiPoint"",""coordinates"":[]}"
0,BMU,Bermuda,10712.69511095834,10712.69511095834,10712.69511095834,260.18677883174496,0.0,0.0,0.0,0.0,0.0,BMU_V2,"{""type"":""MultiPoint"",""coordinates"":[]}"
0,BOL,Bolivia (Plurinational State of),4238924.999438401,2916268.254826934,1587352.5736335777,279586.3870020822,26821.469206496746,4.813627971801907,0.0,0.0,0.0,BOL_V1,"{""type"":""MultiPoint"",""coordinates"":[]}"
0,BRA,Brazil,41232831.87486347,24352501.927279186,11191619.645456146,2503856.873307291,98162.79376196508,690.4611826268738,0.0,0.0,0.0,BRA_V1,"{""type"":""MultiPoint"",""coordinates"":[]}"
0,BRB,Barbados,59721.40947001806,59721.31226653449,39.53111012998749,0.0,0.0,0.0,0.0,0.0,0.0,BRB_V2,"{""type"":""MultiPoint"",""coordinates"":[]}"
0,BRN,Brunei Darussalam,102828.33261405396,26570.903597404213,2848.2554239009983,3.2508899569511414,0.0,0.0,0.0,0.0,0.0,BRN_V1,"{""type"":""MultiPoint"",""coordinates"":[]}"
0,BTN,Bhutan,69232.1308565505,7423.033305752635,128.52754779516198,0.0,0.0,0.0,0.0,0.0,0.0,BTN_V1,"{""type"":""MultiPoint"",""coordinates"":[]}"
0,BVT,Bouvet Island,0.0,0.0,0.0,0.0,0.0,0.0,0.0,0.0,0.0,BVT_V1,"{""type"":""MultiPoint"",""coordinates"":[]}"
0,BWA,Botswana,937702.4926939374,859255.7167838657,285772.7154657479,39403.32127119923,405.5019120388263,0.0,0.0,0.0,0.0,BWA_V1,"{""type"":""MultiPoint"",""coordinates"":[]}"
0,CAF,Central African Republic,2934076.26473917,2923004.037260109,2809889.04295307,1685877.178620035,60589.51698184236,0.0,0.0,0.0,0.0,CAF_V1,"{""type"":""MultiPoint"",""coordinates"":[]}"
0,CAN,Canada,6704515.019731138,3239586.382882257,409370.84146561375,11368.880791143009,268.77209817686975,9.198279954493046,0.0,0.0,0.0,CAN_V1,"{""type"":""MultiPoint"",""coordinates"":[]}"
0,CCK,Cocos (Keeling) Islands,83.37301648419765,83.37301648419765,1.0109206513775622,0.0,0.0,0.0,0.0,0.0,0.0,CCK_V1,"{""type"":""MultiPoint"",""coordinates"":[]}"
0,CHE,Switzerland,1578120.4403532832,842623.99832395,50775.75200295303,958.1452663028612,0.0,0.0,0.0,0.0,0.0,CHE_V1,"{""type"":""MultiPoint"",""coordinates"":[]}"
0,CHL,Chile,2280435.9770467286,678867.37801112,84351.25686824294,3690.662400511408,34.42854701296892,0.0,0.0,0.0,0.0,CHL_V1,"{""type"":""MultiPoint"",""coordinates"":[]}"
0,CHN,China,267034856.8908563,215907741.55683777,125693832.7821937,45790782.33159806,9162829.415787326,996434.3133730456,45241.94340538586,44.06983404606581,0.0,CHN_V1,"{""type"":""MultiPoint"",""coordinates"":[]}"
0,CIV,Côte d'Ivoire,14716497.543451888,11527874.16564644,5065429.360142305,493547.5652953355,4044.2368535587016,0.0,0.0,0.0,0.0,CIV_V1,"{""type"":""MultiPoint"",""coordinates"":[]}"
0,CMR,Cameroon,13584162.547882466,10580477.687160015,4483102.992295428,868003.2470206772,91964.66328965896,114.16569097135582,0.0,0.0,0.0,CMR_V1,"{""type"":""MultiPoint"",""coordinates"":[]}"
0,COD,Democratic Republic of the Congo,56030154.66895073,37098866.2429912,18377495.36198993,7227800.388438229,189844.64912624084,149.24502076208591,0.0,0.0,0.0,COD_V1,"{""type"":""MultiPoint"",""coordinates"":[]}"
0,COG,Congo,2753860.819861282,996947.2315382378,280474.3626364546,78978.00684088057,426.4324409845285,0.0,0.0,0.0,0.0,COG_V1,"{""type"":""MultiPoint"",""coordinates"":[]}"
0,COK,Cook Islands,3888.451219996591,3888.451219996592,3795.351955794288,0.0,0.0,0.0,0.0,0.0,0.0,COK_V2,"{""type"":""MultiPoint"",""coordinates"":[]}"
0,COL,Colombia,12834816.19242214,6559914.424499381,2598695.453125879,464282.0010477967,55781.81442621864,1923.0001399693283,0.0009280000231228768,0.0,0.0,COL_V1,"{""type"":""MultiPoint"",""coordinates"":[]}"
0,COM,Comoros,371952.0489351868,370588.2236254595,15823.769481294585,21.09150111683725,0.0,0.0,0.0,0.0,0.0,COM_V2,"{""type"":""MultiPoint"",""coordinates"":[]}"
0,CPV,Cape Verde,164798.71469963298,151560.1519005705,64135.25270475612,25833.66219169252,692.2104626502477,0.0,0.0,0.0,0.0,CPV_V2,"{""type"":""MultiPoint"",""coordinates"":[]}"
0,CRI,Costa Rica,1177583.103929013,680657.351508417,88961.71771171178,9452.984403108932,304.19511441141367,0.0,0.0,0.0,0.0,CRI_V1,"{""type"":""MultiPoint"",""coordinates"":[]}"
0,CUB,Cuba,2039201.970603794,2038837.960268432,1261048.0734174342,441834.04192936607,85102.69947247107,3215.401379737956,106.74134215991944,0.0,0.0,CUB_V2,"{""type"":""MultiPoint"",""coordinates"":[]}"
0,CUW,Curaçao,34128.4293659543,32249.23299651685,20118.22429001043,2485.2024766656923,2.492523426635593,0.0,0.0,0.0,0.0,CUW_V2,"{""type"":""MultiPoint"",""coordinates"":[]}"
0,CXR,Christmas Island,140.6114693391031,140.6114693391031,0.0,0.0,0.0,0.0,0.0,0.0,0.0,CXR_V1,"{""type"":""MultiPoint"",""coordinates"":[]}"
0,CYM,Cayman Islands,14032.53315531916,14032.53315531916,5929.66982534672,427.2902816576701,0.0,0.0,0.0,0.0,0.0,CYM_V2,"{""type"":""MultiPoint"",""coordinates"":[]}"
0,CYP,Cyprus,224807.10741032992,173920.99852491487,82062.04902348918,16769.370619901332,62.68465498753358,0.0,0.0,0.0,0.0,CYP_V1,"{""type"":""MultiPoint"",""coordinates"":[]}"
0,CZE,Czechia,2009815.2236930423,1356953.5930605838,64321.55719803208,25.523876310648,0.0,0.0,0.0,0.0,0.0,CZE_V1,"{""type"":""MultiPoint"",""coordinates"":[]}"
0,DEU,Germany,13854542.52378347,4788296.300921313,241683.44530528333,3261.3143427759337,120.81765290081968,0.0,0.0,0.0,0.0,DEU_V1,"{""type"":""MultiPoint"",""coordinates"":[]}"
0,DJI,Djibouti,298279.97942845663,195570.8379239429,180278.41686236832,4121.850859090451,7.775162041187286,0.0,0.0,0.0,0.0,DJI_V1,"{""type"":""MultiPoint"",""coordinates"":[]}"
0,DMA,Dominica,14477.090131767123,13928.87033026168,1414.5371153990284,0.0,0.0,0.0,0.0,0.0,0.0,DMA_V2,"{""type"":""MultiPoint"",""coordinates"":[]}"
0,DNK,Denmark,971236.1714552862,446093.2960221585,20182.53471543737,616.6708839711167,0.0,0.0,0.0,0.0,0.0,DNK_V1,"{""type"":""MultiPoint"",""coordinates"":[]}"
0,DOM,Dominican Republic,3629207.795684241,3581813.562147131,1491714.780381044,227578.31919754425,14966.03775613115,388.84572220409615,0.0,0.0,0.0,DOM_V2,"{""type"":""MultiPoint"",""coordinates"":[]}"
0,DZA,Algeria,15863027.678639308,14144658.915448835,10818277.902702913,2747924.70185164,101180.59025302078,1882.27659253811,0.0144940000027418,0.0,0.0,DZA_V1,"{""type"":""MultiPoint"",""coordinates"":[]}"
0,ECU,Ecuador,4893583.544751453,2254772.3199981228,401331.2451397,23442.59679555922,2129.409949492896,0.0,0.0,0.0,0.0,ECU_V1,"{""type"":""MultiPoint"",""coordinates"":[]}"
0,EGY,Egypt,42599726.61553852,41058900.63692183,30850654.50243944,14022390.888174493,440381.2175281085,1660.312424480915,0.0,0.0,0.0,EGY_V1,"{""type"":""MultiPoint"",""coordinates"":[]}"
0,EGY,Bi'r Tawīl,250.06046407669783,250.06046407669783,250.06046407669783,0.0,0.0,0.0,0.0,0.0,0.0,EGY1_V1,"{""type"":""MultiPoint"",""coordinates"":[]}"
0,ERI,Eritrea,1585059.2425028014,1493984.0161917226,938147.8873566118,188097.78472113772,11935.041690883216,128.89805129170418,0.0,0.0,0.0,ERI_V1,"{""type"":""MultiPoint"",""coordinates"":[]}"
0,ESH,Western Sahara,148933.58273003798,142145.04713627364,106769.88830523207,33978.02236831495,5321.152025639208,669.0260701924562,0.0,0.0,0.0,ESH_V1,"{""type"":""MultiPoint"",""coordinates"":[]}"
0,ESP,Spain,6869505.071358616,5663011.854167714,3928110.681632827,1848233.097197759,281990.7653349405,13960.185251705265,1166.3090883545708,0.0,0.0,ESP_V1,"{""type"":""MultiPoint"",""coordinates"":[]}"
0,ESP,Canary Islands,310648.56691154774,301731.0477777367,211991.7680023853,54529.54509058895,2512.81278339498,0.0,0.0,0.0,0.0,ESP1_V1,"{""type"":""MultiPoint"",""coordinates"":[]}"
0,EST,Estonia,253466.86993662664,65076.79337801636,6580.8719961220295,351.4752732192137,0.0,0.0,0.0,0.0,0.0,EST_V1,"{""type"":""MultiPoint"",""coordinates"":[]}"
0,ETH,Ethiopia,59958516.02370331,43597675.20954368,7198041.878073186,955991.006486941,46875.05177170837,206.5109231323004,0.0,0.0,0.0,ETH_V1,"{""type"":""MultiPoint"",""coordinates"":[]}"
0,FIN,Finland,959096.170967914,87033.98532965104,3205.087251100758,2.928845988819376,0.0,0.0,0.0,0.0,0.0,FIN_V1,"{""type"":""MultiPoint"",""coordinates"":[]}"
0,FJI,Fiji,295252.63358314475,294773.5325261461,64132.07087506788,4596.688143158237,39.75318696687328,0.0,0.0,0.0,0.0,FJI_V2,"{""type"":""MultiPoint"",""coordinates"":[]}"
0,FLK,Falkland Islands (Malvinas),139.5097120691764,0.2794012674116803,0.0,0.0,0.0,0.0,0.0,0.0,0.0,FLK_V1,"{""type"":""MultiPoint"",""coordinates"":[]}"
0,FRA,France,12923931.343292415,6250244.606855268,721507.8105594525,32209.007505217556,651.2306732824823,1.373538003768772,0.0,0.0,0.0,FRA_V1,"{""type"":""MultiPoint"",""coordinates"":[]}"
0,FRO,Faroe Islands,3116.74893371056,1.1756089925765991,0.0,0.0,0.0,0.0,0.0,0.0,0.0,FRO_V1,"{""type"":""MultiPoint"",""coordinates"":[]}"
0,FSM,Micronesia (Federated States of),37925.34254368853,37872.12013664434,36499.84374630557,183.4477718621952,0.0,0.0,0.0,0.0,0.0,FSM_V2,"{""type"":""MultiPoint"",""coordinates"":[]}"
0,GAB,Gabon,872480.2131603905,335895.970373575,28384.10518934064,351.9777069091797,0.0,0.0,0.0,0.0,0.0,GAB_V1,"{""type"":""MultiPoint"",""coordinates"":[]}"
0,GBR,United Kingdom of Great Britain & Northern Ireland,12337366.881578162,4622922.040850966,795414.2184564203,42616.29656428949,1042.355270525097,0.0,0.0,0.0,0.0,GBR_V1,"{""type"":""MultiPoint"",""coordinates"":[]}"
0,GEO,Georgia,779979.3057145322,256921.1303761,17772.655803354584,691.1755498425816,0.0,0.0,0.0,0.0,0.0,GEO_V1,"{""type"":""MultiPoint"",""coordinates"":[]}"
0,GGY,Guernsey,10821.840206980904,10821.840206980904,1748.2711559705192,33.334487546904136,0.0,0.0,0.0,0.0,0.0,GGY_V1,"{""type"":""MultiPoint"",""coordinates"":[]}"
0,GHA,Ghana,14116013.440195734,12745259.050629392,7192233.898508433,1718598.121574917,16509.01528902627,0.1538770049810409,0.0,0.0,0.0,GHA_V1,"{""type"":""MultiPoint"",""coordinates"":[]}"
0,GIB,Gibraltar,6320.593065336757,840.3983515412784,52.13620390611536,0.0,0.0,0.0,0.0,0.0,0.0,GIB_V1,"{""type"":""MultiPoint"",""coordinates"":[]}"
0,GIN,Guinea,6914163.551365953,5743891.138016855,3596871.022091068,1193555.3002665665,19714.029693888737,0.0,0.0,0.0,0.0,GIN_V1,"{""type"":""MultiPoint"",""coordinates"":[]}"
0,GLP,Guadeloupe,76351.79779278721,76212.43629924438,4925.300956277862,134.52204222323047,0.0,0.0,0.0,0.0,0.0,GLP_V2,"{""type"":""MultiPoint"",""coordinates"":[]}"
0,GMB,Gambia,1277941.7227442004,1174858.948662775,749342.0815239581,190366.72824261407,6886.08648249583,20.91474294662476,0.0,0.0,0.0,GMB_V1,"{""type"":""MultiPoint"",""coordinates"":[]}"
0,GNB,Guinea-Bissau,966832.1427045146,900500.0884234285,544635.9160076507,117358.79712546706,2126.7742003609155,42.14558708667755,0.0,0.0,0.0,GNB_V1,"{""type"":""MultiPoint"",""coordinates"":[]}"
0,GNQ,Equatorial Guinea,784387.6655151737,529982.5127962664,28032.48726539541,22.246757984161377,0.0,0.0,0.0,0.0,0.0,GNQ_V1,"{""type"":""MultiPoint"",""coordinates"":[]}"
0,GRC,Greece,1261971.192949057,654653.174298336,167379.28068179646,15336.020357513367,575.7131424802501,3.769532985053957,0.0,0.0,0.0,GRC_V1,"{""type"":""MultiPoint"",""coordinates"":[]}"
0,GRD,Grenada,28110.071949101537,28110.071949101537,22681.876865320904,86.16208012438577,0.0,0.0,0.0,0.0,0.0,GRD_V2,"{""type"":""MultiPoint"",""coordinates"":[]}"
0,GRL,Greenland,4972.661731329519,1855.667467648943,0.0,0.0,0.0,0.0,0.0,0.0,0.0,GRL_V1,"{""type"":""MultiPoint"",""coordinates"":[]}"
0,GTM,Guatemala,6934439.109939889,3409365.596967207,1247586.714151601,299232.9139302523,68933.17672080005,2738.455939079656,0.0,0.0,0.0,GTM_V1,"{""type"":""MultiPoint"",""coordinates"":[]}"
0,GUF,French Guiana,107996.86861694128,53140.55010630914,12454.155202091491,796.8087344476953,0.0,0.0,0.0,0.0,0.0,GUF_V1,"{""type"":""MultiPoint"",""coordinates"":[]}"
0,GUM,Guam (USA),50804.77101110474,35501.977774753315,3532.16416034665,0.0,0.0,0.0,0.0,0.0,0.0,GUM_V1,"{""type"":""MultiPoint"",""coordinates"":[]}"
0,GUY,Guyana,279545.0865817978,243233.9519448041,125576.16371343266,14062.37107385724,1279.2820221125148,0.0,0.0,0.0,0.0,GUY_V1,"{""type"":""MultiPoint"",""coordinates"":[]}"
0,HKG,Hong Kong,809442.5960541784,701317.9537360582,39398.578735416486,3789.207938600672,0.0,0.0,0.0,0.0,0.0,HKG_V1,"{""type"":""MultiPoint"",""coordinates"":[]}"
0,HMD,Heard Island and McDonald Islands,0.0,0.0,0.0,0.0,0.0,0.0,0.0,0.0,0.0,HMD_V1,"{""type"":""MultiPoint"",""coordinates"":[]}"
0,HND,Honduras,3943858.633544406,3919862.089411844,1999682.54935107,548191.469012797,80235.06721863893,4210.611989675856,0.0,0.0,0.0,HND_V1,"{""type"":""MultiPoint"",""coordinates"":[]}"
0,HRV,Croatia,602131.0805440691,423844.7827663801,60829.294123996064,2516.9202429903307,243.48104988626983,0.0,0.0,0.0,0.0,HRV_V1,"{""type"":""MultiPoint"",""coordinates"":[]}"
0,HTI,Haiti,4371988.700371957,4369568.849979025,2667436.975059894,51618.56224047916,874.904580356502,68.64624891000635,0.0,0.0,0.0,HTI_V2,"{""type"":""MultiPoint"",""coordinates"":[]}"
0,HUN,Hungary,1448967.9120521983,777986.7186769163,89581.96736367609,2962.9578744530345,0.0,0.0,0.0,0.0,0.0,HUN_V1,"{""type"":""MultiPoint"",""coordinates"":[]}"
0,IDN,Indonesia,71898205.169484,30172214.062057864,6294654.35777478,651580.5867035387,21651.8484960841,9.88153313100338,0.0,0.0,0.0,IDN_V1,"{""type"":""MultiPoint"",""coordinates"":[]}"
0,IMN,Isle of Man,14797.878542407976,13032.466681210615,200.66825170319203,2.2495702020166557,0.0,0.0,0.0,0.0,0.0,IMN_V1,"{""type"":""MultiPoint"",""coordinates"":[]}"
0,IND,India,425037848.4216821,407648547.7167178,237708826.59997728,65939998.92427103,5986789.596306901,143645.37300930364,2146.8065016567707,0.0,0.0,IND_V1,"{""type"":""MultiPoint"",""coordinates"":[]}"
0,IOT,Chagos Archipelagio,0.0,0.0,0.0,0.0,0.0,0.0,0.0,0.0,0.0,IOT_V1,"{""type"":""MultiPoint"",""coordinates"":[]}"
0,IRL,Ireland,1175298.1726323552,285632.70622886094,13319.25822401934,325.5423325192828,0.0,0.0,0.0,0.0,0.0,IRL_V1,"{""type"":""MultiPoint"",""coordinates"":[]}"
0,IRN,Iran (Islamic Republic of),24139538.962478437,19145663.70217413,9635032.698977005,2616073.8835512837,324427.79821868497,16527.578079994248,2093.595713526412,0.0,0.0,IRN_V1,"{""type"":""MultiPoint"",""coordinates"":[]}"
0,IRQ,Iraq,19703168.50052656,19687199.315721583,15879770.986551575,7079706.073600676,1355262.6459678398,52150.75580001555,2576.4520156895696,0.0,0.0,IRQ_V1,"{""type"":""MultiPoint"",""coordinates"":[]}"
0,ISL,Iceland,15114.168065032638,679.0172239789722,9.460465989424849,0.4406249988824129,0.0,0.0,0.0,0.0,0.0,ISL_V1,"{""type"":""MultiPoint"",""coordinates"":[]}"
0,ISR,Israel,2469529.3856617925,1388674.8226636504,588020.3411572044,57280.826448684245,190.3899289575607,3.625429004430771,0.0,0.0,0.0,ISR_V1,"{""type"":""MultiPoint"",""coordinates"":[]}"
0,ITA,Italy,8056249.860043976,5985522.592442734,857449.0123601817,50304.516076068896,467.3366496933645,0.0401339991949498,0.0,0.0,0.0,ITA_V1,"{""type"":""MultiPoint"",""coordinates"":[]}"
0,JAM,Jamaica,670250.9584079693,670250.9584079692,318096.75638505386,28352.41925938765,981.3353803522152,6.343454081565142,0.0,0.0,0.0,JAM_V2,"{""type"":""MultiPoint"",""coordinates"":[]}"
0,JEY,Jersey,17124.35502786672,5775.179676949574,4107.1025833671565,50.73304574867053,0.0,0.0,0.0,0.0,0.0,JEY_V1,"{""type"":""MultiPoint"",""coordinates"":[]}"
0,JOR,Jordan,4190687.4639447615,3976507.365006685,1968779.9122929175,284799.3201966931,11468.353777700482,0.2566420137882232,0.0,0.0,0.0,JOR_V1,"{""type"":""MultiPoint"",""coordinates"":[]}"
0,JPN,Japan,17148792.922728695,15489821.354598949,8273818.090321932,2256372.256307683,408323.23794003273,6249.983543247626,0.0,0.0,0.0,JPN_V1,"{""type"":""MultiPoint"",""coordinates"":[]}"
0,KAZ,Kazakhstan,6627885.0752771655,4357712.562883046,1701733.518595255,329547.5543307889,29999.94008871315,797.7790269125253,0.0,0.0,0.0,KAZ_V1,"{""type"":""MultiPoint"",""coordinates"":[]}"
0,KEN,Kenya,24541195.94245885,14895579.411212238,3257196.7160494765,401970.1109088981,15513.020284229986,77.92839515209198,0.0,0.0,0.0,KEN_V1,"{""type"":""MultiPoint"",""coordinates"":[]}"
0,KGZ,Kyrgyzstan,2449006.176638458,1093400.3983347246,124124.88082013548,8846.544549293536,199.42877106016465,0.0,0.0,0.0,0.0,KGZ_V1,"{""type"":""MultiPoint"",""coordinates"":[]}"
0,KHM,Cambodia,6211092.529221757,6202390.373720805,6134394.066206619,5424960.421699316,2060569.095699513,127229.18608701744,879.7265309381354,0.0,0.0,KHM_V1,"{""type"":""MultiPoint"",""coordinates"":[]}"
0,KIR,Kiribati,46429.11075824542,44204.8046519905,10357.644899451498,703.748353028765,0.0,0.0,0.0,0.0,0.0,KIR_V2,"{""type"":""MultiPoint"",""coordinates"":[]}"
0,KNA,Saint Kitts and Nevis,10365.929672542135,10365.929672542135,6929.051060484973,4.024779769602944,0.0,0.0,0.0,0.0,0.0,KNA_V2,"{""type"":""MultiPoint"",""coordinates"":[]}"
0,KOR,Republic of Korea,6896494.420032749,2492336.795122237,332730.9444990625,21556.903117539885,0.0172389997169375,0.0,0.0,0.0,0.0,KOR_V1,"{""type"":""MultiPoint"",""coordinates"":[]}"
0,KWT,Kuwait,906709.0054802787,894053.9601607791,344409.8067853109,71366.55374073837,11962.70126619644,1030.8330974839628,0.0,0.0,0.0,KWT_V1,"{""type"":""MultiPoint"",""coordinates"":[]}"
0,LAO,Lao People's Democratic Republic,2799986.696374424,2768612.718735692,2197533.7195853144,982623.2262417212,254184.2780278233,25641.554424695827,13.14646834457914,0.0,0.0,LAO_V1,"{""type"":""MultiPoint"",""coordinates"":[]}"
0,LBN,Lebanon,1012892.1821970192,319741.61818645126,24711.15531454214,331.811973180713,6.044402971863747,0.0,0.0,0.0,0.0,LBN_V1,"{""type"":""MultiPoint"",""coordinates"":[]}"
0,LBR,Liberia,2381099.668837316,1481821.4920176282,254169.8263332148,10095.752160269709,0.0,0.0,0.0,0.0,0.0,LBR_V1,"{""type"":""MultiPoint"",""coordinates"":[]}"
0,LBY,Libya,2335383.696697884,2112037.60807915,1573610.184533893,444017.0024628407,20273.331379548392,1551.1442992016673,35.27221493422985,0.0,0.0,LBY_V1,"{""type"":""MultiPoint"",""coordinates"":[]}"
0,LCA,Saint Lucia,39041.75776388642,39041.75776388642,9400.467316536957,0.0,0.0,0.0,0.0,0.0,0.0,LCA_V2,"{""type"":""MultiPoint"",""coordinates"":[]}"
0,LIE,Liechtenstein,6873.413461724143,2762.2018375009475,681.4107186177199,0.0,0.0,0.0,0.0,0.0,0.0,LIE_V1,"{""type"":""MultiPoint"",""coordinates"":[]}"
0,LKA,Sri Lanka,6180127.650252734,5839374.306966665,2213858.364010116,166652.8122510407,3425.685978943022,26.07629896975031,0.0,0.0,0.0,LKA_V1,"{""type"":""MultiPoint"",""coordinates"":[]}"
0,LSO,Lesotho,953829.4465429004,732320.8889153281,39136.52607947403,644.9573056032132,0.0,0.0,0.0,0.0,0.0,LSO_V1,"{""type"":""MultiPoint"",""coordinates"":[]}"
0,LTU,Lithuania,500463.7590028816,295779.9464386667,8495.34165935636,73.10830541242271,0.0,0.0,0.0,0.0,0.0,LTU_V1,"{""type"":""MultiPoint"",""coordinates"":[]}"
0,LUX,Luxembourg,125867.0302164336,13147.727626072816,86.41396032720895,0.0,0.0,0.0,0.0,0.0,0.0,LUX_V1,"{""type"":""MultiPoint"",""coordinates"":[]}"
0,LVA,Latvia,337069.92836895084,91601.62742528302,16520.934420289435,1866.688058906788,0.0,0.0,0.0,0.0,0.0,LVA_V1,"{""type"":""MultiPoint"",""coordinates"":[]}"
0,MAC,Macao,108701.81989625296,69244.58013592282,10214.463602974833,278.492002620884,0.0,0.0,0.0,0.0,0.0,MAC_V1,"{""type"":""MultiPoint"",""coordinates"":[]}"
0,MAF,Saint Martin,6901.236890645207,6901.236890645207,6897.413400999323,339.36335607005964,0.0,0.0,0.0,0.0,0.0,MAF_V2,"{""type"":""MultiPoint"",""coordinates"":[]}"
0,MAR,Morocco,11625029.329199271,11332325.66378561,10168070.348415771,6389186.162402946,1152103.108096212,37698.294937990606,400.8440717160702,0.0,0.0,MAR_V1,"{""type"":""MultiPoint"",""coordinates"":[]}"
0,MCO,Monaco,147.47680113549328,0.0,0.0,0.0,0.0,0.0,0.0,0.0,0.0,MCO_V1,"{""type"":""MultiPoint"",""coordinates"":[]}"
0,MDA,Moldova,714905.6482122904,571572.8813172982,45502.37346580745,1145.9281032591657,0.0,0.0,0.0,0.0,0.0,MDA_V1,"{""type"":""MultiPoint"",""coordinates"":[]}"
0,MDG,Madagascar,14049899.752839388,11246549.896199135,4786166.811245165,1307762.0409877,266805.33218224684,22788.99877887509,1354.124975182116,15.67841587215662,0.0,MDG_V1,"{""type"":""MultiPoint"",""coordinates"":[]}"
0,MDV,Maldives,119246.12572474957,118166.91321729214,18553.43838706496,0.0,0.0,0.0,0.0,0.0,0.0,MDV_V2,"{""type"":""MultiPoint"",""coordinates"":[]}"
0,MEX,Mexico,37592516.47775382,25806237.378262617,10515838.950057812,3387309.4391643405,438498.4353375821,19107.076640794778,74.09059798644329,0.0,0.0,MEX_V1,"{""type"":""MultiPoint"",""coordinates"":[]}"
0,MHL,Marshall Islands,14877.589926312074,14877.589926312074,12191.763741166817,4816.974750489993,0.0,0.0,0.0,0.0,0.0,MHL_V2,"{""type"":""MultiPoint"",""coordinates"":[]}"
0,MKD,North Macedonia,361521.5713907497,289573.66129205807,49750.28384867575,1787.3988098912987,7.499169009359321,0.0,0.0,0.0,0.0,MKD_V1,"{""type"":""MultiPoint"",""coordinates"":[]}"
0,MLI,Mali,12887973.337785397,12850939.974772695,10885952.374867376,2220564.7630219483,260154.6522695927,16861.44422031939,0.0,0.0,0.0,MLI_V1,"{""type"":""MultiPoint"",""coordinates"":[]}"
0,MLT,Malta,78100.85500893209,52357.32043901225,10694.949983388186,0.0,0.0,0.0,0.0,0.0,0.0,MLT_V1,"{""type"":""MultiPoint"",""coordinates"":[]}"
0,MMR,Myanmar,15449174.705873275,13931474.723376917,11805625.118428104,9048662.296207411,2814162.389954586,671959.5802627883,47138.89066384733,123.86851155757904,0.0,MMR_V1,"{""type"":""MultiPoint"",""coordinates"":[]}"
0,MNE,Montenegro,132353.07118971023,52779.69890390032,5873.285058048532,34.708233904093504,0.0,0.0,0.0,0.0,0.0,MNE_V1,"{""type"":""MultiPoint"",""coordinates"":[]}"
0,MNG,Mongolia,1250717.3682065995,303328.752211061,18948.022729068944,1560.6442829157477,1.4410090064629912,0.0,0.0,0.0,0.0,MNG_V1,"{""type"":""MultiPoint"",""coordinates"":[]}"
0,MNP,Northern Mariana Is. (USA),12205.096576654669,11324.751873786505,3312.061439776565,20.092063175609297,0.0,0.0,0.0,0.0,0.0,MNP_V1,"{""type"":""MultiPoint"",""coordinates"":[]}"
0,MOZ,Mozambique,17143479.25955471,15555282.458952269,10889467.638926065,4375622.578953855,964429.6717748544,20917.67074822681,252.6316972859204,0.0,0.0,MOZ_V1,"{""type"":""MultiPoint"",""coordinates"":[]}"
0,MRT,Mauritania,2252917.2129775155,2087969.7848214407,1397161.4142407046,266694.69641696656,32746.286411795987,525.9917544911597,0.0,0.0,0.0,MRT_V1,"{""type"":""MultiPoint"",""coordinates"":[]}"
0,MSR,Montserrat,885.0087706067327,885.0087706067327,678.1704596324809,0.6820269972085953,0.0,0.0,0.0,0.0,0.0,MSR_V2,"{""type"":""MultiPoint"",""coordinates"":[]}"
0,MTQ,Martinique,63708.3594845423,63219.920223368346,5185.841004397747,280.7322760568019,0.0,0.0,0.0,0.0,0.0,MTQ_V2,"{""type"":""MultiPoint"",""coordinates"":[]}"
0,MUS,Mauritius,241252.5002748477,241252.5002748477,136101.6889272246,21374.342618929222,0.0,0.0,0.0,0.0,0.0,MUS_V2,"{""type"":""MultiPoint"",""coordinates"":[]}"
0,MWI,Malawi,9709513.6496431,6713084.794676716,815645.6422226185,54555.83603147695,152.94947668988914,0.0,0.0,0.0,0.0,MWI_V1,"{""type"":""MultiPoint"",""coordinates"":[]}"
0,MYS,Malaysia,7624021.307546901,2460546.3295847583,866213.2363792104,102470.53653905542,356.11145859132614,0.1141250003129243,0.0,0.0,0.0,MYS_V1,"{""type"":""MultiPoint"",""coordinates"":[]}"
0,MYT,Mayotte,147632.99054291303,115122.00661167083,36016.244057384545,0.0,0.0,0.0,0.0,0.0,0.0,MYT_V1,"{""type"":""MultiPoint"",""coordinates"":[]}"
0,NAM,Namibia,1266884.0358172548,1128284.6207524105,470087.1024815317,61484.36401307645,2949.643824968014,0.7621429972350597,0.0,0.0,0.0,NAM_V1,"{""type"":""MultiPoint"",""coordinates"":[]}"
0,NCL,New Caledonia,73125.8303291408,52749.29878982473,17568.596641461147,1547.6831359406117,11.95728309658703,0.0,0.0,0.0,0.0,NCL_V1,"{""type"":""MultiPoint"",""coordinates"":[]}"
0,NER,Niger,14400380.534801004,14102047.342374336,7422333.2119138865,1744624.8528901152,59629.22637494521,248.4086806625128,0.0,0.0,0.0,NER_V1,"{""type"":""MultiPoint"",""coordinates"":[]}"
0,NFK,Norfolk Island,414.3510867077458,414.3510867077458,0.0,0.0,0.0,0.0,0.0,0.0,0.0,NFK_V1,"{""type"":""MultiPoint"",""coordinates"":[]}"
0,NGA,Nigeria,110451869.23322344,105189375.25161947,81363871.23274091,11366258.48563243,611508.5150069973,5471.996522426605,0.0,0.0,0.0,NGA_V1,"{""type"":""MultiPoint"",""coordinates"":[]}"
0,NIC,Nicaragua,2382957.4848574656,2370889.9597049607,1329678.899507984,517151.6317047388,67717.61275116542,1173.2618024501512,0.0,0.0,0.0,NIC_V1,"{""type"":""MultiPoint"",""coordinates"":[]}"
0,NIU,Niue,327.6434551140404,327.6434551140404,327.6434551140404,0.0,0.0,0.0,0.0,0.0,0.0,NIU_V2,"{""type"":""MultiPoint"",""coordinates"":[]}"
0,NLD,Netherlands,3241512.1129072905,1760016.673500177,721214.0406034433,162370.0588939005,235.84093937883156,0.0,0.0,0.0,0.0,NLD_V1,"{""type"":""MultiPoint"",""coordinates"":[]}"
0,NOR,Norway,866483.7780792249,182739.9591391229,5298.27774604808,17.871076309880557,0.0,0.0,0.0,0.0,0.0,NOR_V1,"{""type"":""MultiPoint"",""coordinates"":[]}"
0,NPL,Nepal,7924072.253112593,5529377.954329472,609745.8454838053,7856.999430600568,0.0,0.0,0.0,0.0,0.0,NPL_V1,"{""type"":""MultiPoint"",""coordinates"":[]}"
0,NRU,Nauru,5079.364073097959,4625.898516214223,0.0,0.0,0.0,0.0,0.0,0.0,0.0,NRU_V2,"{""type"":""MultiPoint"",""coordinates"":[]}"
0,NZL,New Zealand,1136542.5251484124,761976.8792888012,37347.629717938245,1713.7893616320898,7.678133998648263,0.0,0.0,0.0,0.0,NZL_V1,"{""type"":""MultiPoint"",""coordinates"":[]}"
0,OMN,Oman,1384837.3168310616,1304141.3618660185,1030656.0533794496,388037.8921654144,36483.40863451362,2384.148431628011,0.0,0.0,0.0,OMN_V1,"{""type"":""MultiPoint"",""coordinates"":[]}"
0,PAK,Pakistan,104424404.6242257,97965371.2125102,76079285.73462322,33856600.211521074,5184377.725697843,211903.59093836893,4484.5863643959165,0.0,0.0,PAK_V1,"{""type"":""MultiPoint"",""coordinates"":[]}"
0,PAN,Panama,1175236.90689412,339541.74054312654,9058.878378727635,173.9328797551785,0.0,0.0,0.0,0.0,0.0,PAN_V1,"{""type"":""MultiPoint"",""coordinates"":[]}"
0,PCN,Pitcairn,5.132757997140288,5.132757997140288,0.0,0.0,0.0,0.0,0.0,0.0,0.0,PCN_V1,"{""type"":""MultiPoint"",""coordinates"":[]}"
0,PER,Peru,9465127.085274754,4868169.360935858,1170804.0481151734,143647.76675349096,10898.454116336276,0.0,0.0,0.0,0.0,PER_V1,"{""type"":""MultiPoint"",""coordinates"":[]}"
0,PHL,Philippines,38872596.75617049,31945282.35516906,12248140.26172018,3056275.840606252,388274.5991611517,37680.19823360304,0.0,0.0,0.0,PHL_V1,"{""type"":""MultiPoint"",""coordinates"":[]}"
0,PLW,Palau,3752.391871753776,3752.391871753776,3346.095573487117,50.77176168670945,0.0,0.0,0.0,0.0,0.0,PLW_V2,"{""type"":""MultiPoint"",""coordinates"":[]}"
0,PNG,Papua New Guinea,2190337.712841681,557227.646743506,150086.5385878178,30011.971790806903,711.6719577410057,0.0,0.0,0.0,0.0,PNG_V1,"{""type"":""MultiPoint"",""coordinates"":[]}"
0,POL,Poland,6694302.9923259495,3119980.4175790297,188221.8343904258,5592.74779736212,0.0,0.0,0.0,0.0,0.0,POL_V1,"{""type"":""MultiPoint"",""coordinates"":[]}"
0,PRI,Puerto Rico (USA),497753.8756872028,495484.99491841183,160048.66777585848,2230.4142426915064,0.0,0.0,0.0,0.0,0.0,PRI_V2,"{""type"":""MultiPoint"",""coordinates"":[]}"
0,PRK,Democratic People's Republic of Korea,5968303.775467197,3602720.5554620437,838772.2926661504,118270.71036175857,12321.143250083864,91.299839168787,0.0,0.0,0.0,PRK_V1,"{""type"":""MultiPoint"",""coordinates"":[]}"
0,PRT,Madeira Islands,39285.658622135634,34917.70149981244,24641.108910623287,6836.357151229468,0.0,0.0,0.0,0.0,0.0,PRT2_V1,"{""type"":""MultiPoint"",""coordinates"":[]}"
0,PRT,Azores Islands,40677.28298882895,26378.964544414004,502.1734114948989,0.0,0.0,0.0,0.0,0.0,0.0,PRT1_V1,"{""type"":""MultiPoint"",""coordinates"":[]}"
0,PRT,Portugal,1561451.1712607555,1098864.2674478942,557437.096332739,170979.84834345107,13552.586990583108,964.6429268612536,6.846598043572158,0.0,0.0,PRT_V1,"{""type"":""MultiPoint"",""coordinates"":[]}"
0,PRY,Paraguay,2276030.258748147,1650572.2910473489,563529.5056429023,179213.96244106232,7463.725572278383,0.8988659977912903,0.0,0.0,0.0,PRY_V1,"{""type"":""MultiPoint"",""coordinates"":[]}"
0,PSE,State of Palestine,2349529.506829787,709067.5869994372,70723.07362888276,1889.9863290907192,0.8180734740058873,0.0,0.0,0.0,0.0,PSE_V1,"{""type"":""MultiPoint"",""coordinates"":[]}"
0,PYF,French Polynesia,65454.89101773391,25512.310798719493,1019.5002474130667,0.0,0.0,0.0,0.0,0.0,0.0,PYF_V1,"{""type"":""MultiPoint"",""coordinates"":[]}"
0,PYF,Clipperton Island,0.0,0.0,0.0,0.0,0.0,0.0,0.0,0.0,0.0,PYF1_V1,"{""type"":""MultiPoint"",""coordinates"":[]}"
0,QAT,Qatar,500828.56344955903,335132.4841316296,162800.73953595967,5625.565541322442,91.83763079394588,2.180010984186083,0.0,0.0,0.0,QAT_V1,"{""type"":""MultiPoint"",""coordinates"":[]}"
0,REU,Réunion,224527.03510576827,188246.6966886669,3781.465483085376,0.0489189997897483,0.0,0.0,0.0,0.0,0.0,REU_V1,"{""type"":""MultiPoint"",""coordinates"":[]}"
0,ROU,Romania,3557779.6456420044,2793259.512818898,212998.57817606,4724.3212011767855,79.6699789580889,0.0,0.0,0.0,0.0,ROU_V1,"{""type"":""MultiPoint"",""coordinates"":[]}"
0,RUS,Russian Federation,29174562.287266064,12787236.153648475,1524598.9958008076,100437.74906971156,4259.057103851601,10.08409707795363,0.0,0.0,0.0,RUS_V1,"{""type"":""MultiPoint"",""coordinates"":[]}"
0,RWA,Rwanda,6267135.85694935,4653478.805270335,114332.92025862368,527.9053837694958,0.0,0.0,0.0,0.0,0.0,RWA_V1,"{""type"":""MultiPoint"",""coordinates"":[]}"
0,SAU,Saudi Arabia,9141112.950255068,8963436.6186916,5732373.590200938,708992.121997834,36499.61757293236,636.0316127827391,0.0,0.0,0.0,SAU_V1,"{""type"":""MultiPoint"",""coordinates"":[]}"
0,SDN,Sudan,23463330.01370097,23442709.85359095,20919332.93464901,8012120.520013938,1188393.3175630388,50258.48570049131,0.0,0.0,0.0,SDN_V1,"{""type"":""MultiPoint"",""coordinates"":[]}"
0,SDN,Hala'ib Triangle,4856.48008830646,4835.969953371081,4503.971981053048,27.42870664362814,0.0,0.0,0.0,0.0,0.0,SDN1_V1,"{""type"":""MultiPoint"",""coordinates"":[]}"
0,SEN,Senegal,7299456.650498046,5902875.71104964,2400004.5539782583,794351.9584779207,98935.10358849607,3208.6757653443547,0.0,0.0,0.0,SEN_V1,"{""type"":""MultiPoint"",""coordinates"":[]}"
0,SGP,Singapore,870626.4136555104,41246.493555517445,0.0,0.0,0.0,0.0,0.0,0.0,0.0,SGP_V2,"{""type"":""MultiPoint"",""coordinates"":[]}"
0,SGS,South Georgia and the South Sandwich Islands,0.0,0.0,0.0,0.0,0.0,0.0,0.0,0.0,0.0,SGS_V1,"{""type"":""MultiPoint"",""coordinates"":[]}"
0,SHN,Saint Helena (Tristan da Cunha),0.0,0.0,0.0,0.0,0.0,0.0,0.0,0.0,0.0,SHN2_V1,"{""type"":""MultiPoint"",""coordinates"":[]}"
0,SHN,Saint Helena (Ascencion),0.0,0.0,0.0,0.0,0.0,0.0,0.0,0.0,0.0,SHN1_V1,"{""type"":""MultiPoint"",""coordinates"":[]}"
0,SHN,Saint Helena (Gough),0.0,0.0,0.0,0.0,0.0,0.0,0.0,0.0,0.0,SHN3_V1,"{""type"":""MultiPoint"",""coordinates"":[]}"
0,SHN,Saint Helena,854.5941989731933,239.28462682237904,0.0,0.0,0.0,0.0,0.0,0.0,0.0,SHN_V1,"{""type"":""MultiPoint"",""coordinates"":[]}"
0,SJM,Svalbard and Jan Mayen Islands,2.010558001638856,2.010558001638856,0.0,0.0,0.0,0.0,0.0,0.0,0.0,SJM_V1,"{""type"":""MultiPoint"",""coordinates"":[]}"
0,SLB,Solomon Islands,346366.1345197323,329133.7784997595,121169.32290325523,1969.44759004528,0.0,0.0,0.0,0.0,0.0,SLB_V2,"{""type"":""MultiPoint"",""coordinates"":[]}"
0,SLE,Sierra Leone,3739927.164747261,3281245.7717353897,2387624.7642328544,808293.8569644786,23542.160718317416,0.0,0.0,0.0,0.0,SLE_V1,"{""type"":""MultiPoint"",""coordinates"":[]}"
0,SLV,El Salvador,1909045.223958268,1209448.6490695197,623456.2445103254,253517.03917571303,35118.92317193143,1220.8701025173068,0.0,0.0,0.0,SLV_V1,"{""type"":""MultiPoint"",""coordinates"":[]}"
0,SMR,San Marino,5134.854386489199,3636.942644816309,0.0,0.0,0.0,0.0,0.0,0.0,0.0,SMR_V1,"{""type"":""MultiPoint"",""coordinates"":[]}"
0,SOM,Somalia,8784204.776737925,8136181.433557137,5193030.405083437,1832494.538946528,335158.7741525661,33188.1283660233,0.0,0.0,0.0,SOM_V1,"{""type"":""MultiPoint"",""coordinates"":[]}"
0,SPM,Saint Pierre et Miquelon,439.2365161210517,428.5596430394286,0.1146611615138895,0.0,0.0,0.0,0.0,0.0,0.0,SPM_V1,"{""type"":""MultiPoint"",""coordinates"":[]}"
0,SRB,Serbia,1101858.313255831,758002.9880084819,102821.3123253572,3894.6369286005647,0.0050329999576206,0.0,0.0,0.0,0.0,SRB_V1,"{""type"":""MultiPoint"",""coordinates"":[]}"
0,SSD,South Sudan,5568108.033078001,5529189.756726789,5240802.522940945,3195435.7086418285,780105.3732958942,316.95404118299484,0.0,0.0,0.0,SSD_V1,"{""type"":""MultiPoint"",""coordinates"":[]}"
0,SSD,Ilemi Triangle,2455.25929632516,2455.25929632516,2371.953588158948,219.00690373984696,76.97426866646856,0.0,0.0,0.0,0.0,SSD1_V1,"{""type"":""MultiPoint"",""coordinates"":[]}"
0,STP,Sao Tome and Principe,104882.39297816402,75846.12506406134,0.1008078827577478,0.0,0.0,0.0,0.0,0.0,0.0,STP_V2,"{""type"":""MultiPoint"",""coordinates"":[]}"
0,SUR,Suriname,194483.92607376585,167222.3250564363,82599.93134674882,1071.275309558725,0.0,0.0,0.0,0.0,0.0,SUR_V1,"{""type"":""MultiPoint"",""coordinates"":[]}"
0,SVK,Slovakia,1004783.3904222036,569584.5225826794,87453.69009515246,732.6349500235456,0.0,0.0,0.0,0.0,0.0,SVK_V1,"{""type"":""MultiPoint"",""coordinates"":[]}"
0,SVN,Slovenia,369549.7795620304,224980.24733959997,14862.492329391342,98.72349939425476,0.0,0.0,0.0,0.0,0.0,SVN_V1,"{""type"":""MultiPoint"",""coordinates"":[]}"
0,SWE,Sweden,1910572.0499917143,322838.3185689875,7314.061885967858,111.51610143176842,0.0,0.0,0.0,0.0,0.0,SWE_V1,"{""type"":""MultiPoint"",""coordinates"":[]}"
0,SWZ,Eswatini,420978.50687264325,267055.16619430104,122149.53781180616,35428.65382563207,6331.37659877073,304.3606008524075,0.0,0.0,0.0,SWZ_V1,"{""type"":""MultiPoint"",""coordinates"":[]}"
0,SXM,Sint Maarten,8095.280857331078,8095.280857331078,8095.280857331078,118.89600342104538,0.0,0.0,0.0,0.0,0.0,SXM_V2,"{""type"":""MultiPoint"",""coordinates"":[]}"
0,SYC,Seychelles,30312.675349960988,30307.74853618088,40.8196356674638,0.0,0.0,0.0,0.0,0.0,0.0,SYC_V2,"{""type"":""MultiPoint"",""coordinates"":[]}"
0,SYR,Syrian Arab Republic,8819019.588681316,8259363.91637495,6460903.640436923,2244416.644251514,368180.7387863717,10806.031032479368,0.0,0.0,0.0,SYR_V1,"{""type"":""MultiPoint"",""coordinates"":[]}"
0,TCA,Turks and Caicos Islands,9008.892497637002,9008.892497637002,8960.398229465516,412.903847406728,29.430406733120183,0.0,0.0,0.0,0.0,TCA_V2,"{""type"":""MultiPoint"",""coordinates"":[]}"
0,TCD,Chad,10563114.843832964,10451417.081585634,8889882.868116513,2819250.100522164,279527.6269930344,4957.754903828725,0.0,0.0,0.0,TCD_V1,"{""type"":""MultiPoint"",""coordinates"":[]}"
0,TGO,Togo,4277838.536833916,4029518.3784590256,2140563.8561218837,583830.8819365792,7407.597215721918,0.0,0.0,0.0,0.0,TGO_V1,"{""type"":""MultiPoint"",""coordinates"":[]}"
0,THA,Thailand,13167274.66877918,12281821.277104808,10255886.711343784,5505892.428528294,1952410.239901347,68347.25336681033,59.40236125513911,0.0,0.0,THA_V1,"{""type"":""MultiPoint"",""coordinates"":[]}"
0,TJK,Tajikistan,4309934.822539209,3646929.077219307,1889201.0923111576,176513.43754882022,8430.55573218716,196.84048891067505,0.0,0.0,0.0,TJK_V1,"{""type"":""MultiPoint"",""coordinates"":[]}"
0,TKL,Tokelau,627.8181163190854,627.8181163190854,627.8181163190854,0.0,0.0,0.0,0.0,0.0,0.0,TKL_V2,"{""type"":""MultiPoint"",""coordinates"":[]}"
0,TKM,Turkmenistan,2720657.34783853,2707531.7291128454,2390119.713118036,1084265.94302379,136409.84290572273,3077.410967425879,0.0,0.0,0.0,TKM_V1,"{""type"":""MultiPoint"",""coordinates"":[]}"
0,TLS,Timor-Leste,566005.3497246131,554512.9091301573,80937.59906928912,5097.611460525747,0.0,0.0,0.0,0.0,0.0,TLS_V1,"{""type"":""MultiPoint"",""coordinates"":[]}"
0,TON,Tonga,43452.2968283992,42730.381678458034,10430.245241568857,0.0,0.0,0.0,0.0,0.0,0.0,TON_V2,"{""type"":""MultiPoint"",""coordinates"":[]}"
0,TTO,Trinidad and Tobago,325947.0971570342,325947.0971570342,223183.61048636964,6932.035684683613,0.0,0.0,0.0,0.0,0.0,TTO_V2,"{""type"":""MultiPoint"",""coordinates"":[]}"
0,TUN,Tunisia,3328704.857263843,2848199.945497251,1927787.8711803672,336879.12816436985,6636.719656666032,0.8505129814147949,0.0,0.0,0.0,TUN_V1,"{""type"":""MultiPoint"",""coordinates"":[]}"
0,TUR,Republic of Türkiye,18898231.36884414,12409948.059824366,5556739.081665579,1113038.6576983037,53753.559205893165,26.21939309882548,0.0,0.0,0.0,TUR_V1,"{""type"":""MultiPoint"",""coordinates"":[]}"
0,TUV,Tuvalu,1057.8208085034776,926.7953716930452,766.281944445038,0.0,0.0,0.0,0.0,0.0,0.0,TUV_V2,"{""type"":""MultiPoint"",""coordinates"":[]}"
0,TWN,Taiwan,3311340.06439265,3087541.655845993,757516.8179336505,61737.09921057887,4800.40075948058,111.44887163676322,0.0,0.0,0.0,TWN_V1,"{""type"":""MultiPoint"",""coordinates"":[]}"
0,TZA,United Republic of Tanzania,32575206.252629302,26627426.357853472,2731905.7050949656,103829.98896834612,5057.7330612374135,0.0,0.0,0.0,0.0,TZA_V1,"{""type"":""MultiPoint"",""coordinates"":[]}"
0,UGA,Uganda,25129228.970999274,21391248.362198584,3287681.3172336146,779199.163853258,4788.142753390903,0.0,0.0,0.0,0.0,UGA_V1,"{""type"":""MultiPoint"",""coordinates"":[]}"
0,UKR,Ukraine,5786296.621779697,3435077.863215781,319280.83709803567,6968.431689845579,168.8713297425751,0.1703749969601631,0.0,0.0,0.0,UKR_V1,"{""type"":""MultiPoint"",""coordinates"":[]}"
0,UMI,Midway Islands,0.0,0.0,0.0,0.0,0.0,0.0,0.0,0.0,0.0,UMI7_V1,"{""type"":""MultiPoint"",""coordinates"":[]}"
0,UMI,Navassa Island,0.0,0.0,0.0,0.0,0.0,0.0,0.0,0.0,0.0,UMI9_V1,"{""type"":""MultiPoint"",""coordinates"":[]}"
0,UMI,Kingman Reef,0.0,0.0,0.0,0.0,0.0,0.0,0.0,0.0,0.0,UMI6_V1,"{""type"":""MultiPoint"",""coordinates"":[]}"
0,UMI,Johnston Atoll,0.0,0.0,0.0,0.0,0.0,0.0,0.0,0.0,0.0,UMI5_V1,"{""type"":""MultiPoint"",""coordinates"":[]}"
0,UMI,Wake Island,0.0,0.0,0.0,0.0,0.0,0.0,0.0,0.0,0.0,UMI2_V1,"{""type"":""MultiPoint"",""coordinates"":[]}"
0,UMI,Baker Island,0.0,0.0,0.0,0.0,0.0,0.0,0.0,0.0,0.0,UMI1_V1,"{""type"":""MultiPoint"",""coordinates"":[]}"
0,UMI,Howland Island,0.0,0.0,0.0,0.0,0.0,0.0,0.0,0.0,0.0,UMI3_V1,"{""type"":""MultiPoint"",""coordinates"":[]}"
0,UMI,Jarvis Island,0.0,0.0,0.0,0.0,0.0,0.0,0.0,0.0,0.0,UMI4_V1,"{""type"":""MultiPoint"",""coordinates"":[]}"
0,UMI,Palmyra Atoll,0.0,0.0,0.0,0.0,0.0,0.0,0.0,0.0,0.0,UMI8_V1,"{""type"":""MultiPoint"",""coordinates"":[]}"
0,URY,Uruguay,661000.7764800615,318292.8119897466,77688.92300271794,1652.848012428427,0.2111409977078437,0.0,0.0,0.0,0.0,URY_V1,"{""type"":""MultiPoint"",""coordinates"":[]}"
0,USA,United States of America,71063949.22759512,52156428.47942725,17973994.66189533,4268640.232183696,569418.0981654216,69002.39102616199,2752.0099566273648,0.0,0.0,USA_V1,"{""type"":""MultiPoint"",""coordinates"":[]}"
0,UZB,Uzbekistan,12709786.920523398,12056864.63842158,7345777.609548789,1441086.9423669598,97848.5792914787,1286.920933743066,0.0,0.0,0.0,UZB_V1,"{""type"":""MultiPoint"",""coordinates"":[]}"
0,VAT,Holy See,20.176179152844,0.0,0.0,0.0,0.0,0.0,0.0,0.0,0.0,VAT_V1,"{""type"":""MultiPoint"",""coordinates"":[]}"
0,VCT,Saint Vincent and the Grenadines,26028.38873739571,26028.38873739571,26028.38873739571,40.8666809782824,0.0,0.0,0.0,0.0,0.0,VCT_V2,"{""type"":""MultiPoint"",""coordinates"":[]}"
0,VEN,Bird Island,0.0,0.0,0.0,0.0,0.0,0.0,0.0,0.0,0.0,VEN1_V1,"{""type"":""MultiPoint"",""coordinates"":[]}"
0,VEN,Venezuela,8593756.852640685,7328554.517358317,4572114.85783895,1616137.9918080135,188846.4524501324,4145.236183129717,15.537660866975784,0.0,0.0,VEN_V1,"{""type"":""MultiPoint"",""coordinates"":[]}"
0,VGB,British Virgin Islands,7297.830372595084,7297.830372595084,7297.830372595084,0.410037147823502,0.0,0.0,0.0,0.0,0.0,VGB_V2,"{""type"":""MultiPoint"",""coordinates"":[]}"
0,VIR,United States Virgin Islands (USA),17118.014176370274,17118.014176370274,17118.014176370274,22.58906157747203,0.2200386378402803,0.0,0.0,0.0,0.0,VIR_V2,"{""type"":""MultiPoint"",""coordinates"":[]}"
0,VNM,Viet Nam,27692211.143540088,26834225.43063626,22981876.718408003,16466648.223732429,8366063.206587202,1662872.5696895197,16442.49879240617,35.067325592041016,0.0,VNM_V1,"{""type"":""MultiPoint"",""coordinates"":[]}"
0,VUT,Vanuatu,142171.54348068932,139571.6232407646,25880.51339087996,357.3254488999937,0.0,0.0,0.0,0.0,0.0,VUT_V2,"{""type"":""MultiPoint"",""coordinates"":[]}"
0,WLF,Wallis and Futuna,2144.5617278896857,2144.5617278896857,0.0,0.0,0.0,0.0,0.0,0.0,0.0,WLF_V1,"{""type"":""MultiPoint"",""coordinates"":[]}"
0,WSM,Samoa,96145.92757028191,96145.90470658004,35441.25442470706,0.0,0.0,0.0,0.0,0.0,0.0,WSM_V2,"{""type"":""MultiPoint"",""coordinates"":[]}"
0,YEM,Yemen,18538793.36305025,11673456.653844548,4944731.870698737,1599246.5244625737,126772.00668805724,2692.0426266491413,0.0,0.0,0.0,YEM_V1,"{""type"":""MultiPoint"",""coordinates"":[]}"
0,ZAF,South Africa,18016759.89913612,9098180.95796005,2134949.414301893,297917.31869238906,26547.58140281861,424.0573724322021,0.0,0.0,0.0,ZAF_V1,"{""type"":""MultiPoint"",""coordinates"":[]}"
0,ZMB,Zambia,9171165.761280878,6500978.5734751,1582675.7845880908,207524.2262827256,15044.83168135133,0.2070959955453872,0.0,0.0,0.0,ZMB_V1,"{""type"":""MultiPoint"",""coordinates"":[]}"
0,ZWE,Zimbabwe,7913388.772618299,6103570.471490266,2404611.917975267,135480.2301722613,3666.914153029072,0.1043709963560104,0.0,0.0,0.0,ZWE_V1,"{""type"":""MultiPoint"",""coordinates"":[]}"
0,xAB,Abyei,81783.19424488243,81783.19424488243,76468.35097435807,68795.84392824466,39972.17939243025,0.0,0.0,0.0,0.0,xAB_V1,"{""type"":""MultiPoint"",""coordinates"":[]}"
0,xAC,Aksai Chin,3173.451437687319,801.0857763941966,1.8297560289502144,0.0,0.0,0.0,0.0,0.0,0.0,xAC_V1,"{""type"":""MultiPoint"",""coordinates"":[]}"
0,xAP,Arunachal Pradesh,263619.0954748233,52713.361103347146,2599.7553548531205,12.596228778362274,0.0,0.0,0.0,0.0,0.0,xAP_V1,"{""type"":""MultiPoint"",""coordinates"":[]}"
0,xFR,Glorioso Islands,0.0,0.0,0.0,0.0,0.0,0.0,0.0,0.0,0.0,xFR2_V1,"{""type"":""MultiPoint"",""coordinates"":[]}"
0,xFR,Tromelin Island,0.0,0.0,0.0,0.0,0.0,0.0,0.0,0.0,0.0,xFR1_V1,"{""type"":""MultiPoint"",""coordinates"":[]}"
0,xJK,Jammu and Kashmir,4186625.064419795,3109898.4029112626,1233144.3224847645,71359.28787740346,3856.2408355628745,0.0,0.0,0.0,0.0,xJK_V1,"{""type"":""MultiPoint"",""coordinates"":[]}"
0,xJL,Sovereignty unsettled,42824.561327496536,7983.065752793092,17.422276205525677,0.0,0.0,0.0,0.0,0.0,0.0,xJL_V1,"{""type"":""MultiPoint"",""coordinates"":[]}"
0,xPI,Paracel Islands,86.75689410067656,86.75689410067656,0.0,0.0,0.0,0.0,0.0,0.0,0.0,xPI_V1,"{""type"":""MultiPoint"",""coordinates"":[]}"
0,xRI,Kuril Islands,3437.7847435544504,1977.1787680209172,155.4661986602299,0.0,0.0,0.0,0.0,0.0,0.0,xRI_V1,"{""type"":""MultiPoint"",""coordinates"":[]}"
0,xSI,Spratly Islands,0.0,0.0,0.0,0.0,0.0,0.0,0.0,0.0,0.0,xSI_V1,"{""type"":""MultiPoint"",""coordinates"":[]}"
0,xSK,Senkaku Islands,0.0,0.0,0.0,0.0,0.0,0.0,0.0,0.0,0.0,xSK_V1,"{""type"":""MultiPoint"",""coordinates"":[]}"
0,xSR,Scarborough Reef,0.0,0.0,0.0,0.0,0.0,0.0,0.0,0.0,0.0,xSR_V1,"{""type"":""MultiPoint"",""coordinates"":[]}"
0,xUK,Akrotiri,1415.1994627392692,277.9919861851315,0.0,0.0,0.0,0.0,0.0,0.0,0.0,xUK1_V1,"{""type"":""MultiPoint"",""coordinates"":[]}"
0,xUK,Dekelia,1489.3818893291784,1179.5321705611016,19.035039284948358,0.0,0.0,0.0,0.0,0.0,0.0,xUK2_V1,"{""type"":""MultiPoint"",""coordinates"":[]}"
0,xxx,China/India,732.1433377661688,573.5328462441178,24.44076405465603,0.0,0.0,0.0,0.0,0.0,0.0,xxx_V1,"{""type"":""MultiPoint"",""coordinates"":[]}"
