iso3,P2_DTP1_access_value_normalized,P2_Child_marriage_value_normalized,P2_Lower_secondary_completion_rate_value_normalized,P2_Skilled_birth_coverage_value_normalized,P2_Basic_hygiene_value_normalized,P2_Under_five_mortality_value_normalized,P2_Child_Food_Poverty_value_normalized,P2_Child_poverty_value_normalized,P2_Stunting_value_normalized,P2_At-least_basic_sanitation_value_normalized,P2_At-least_basic_drinking_water_value_normalized,P2_Child_labor_value_normalized,P2_Learning_poverty_value_normalized,P2_Lower_secondary_out_of_school_value_normalized,P2_electricity_access_value_normalized,P2_Under_five_covered_by_social_protection_value_normalized,P2_DTP3_access_value_normalized,P2_arithmetic_avg,rank_reverse
AFG,6.4,4.7049180327868845,7.14986456735064,4.772393538913362,5.0064227275404685,5.243290510993517,7.681303150464777,,8.37520979063813,5.076198423819215,2.9800945584053586,4.6923076923076925,,6.717458965517241,1.6333333333333346,9.96,6.724137931034483,6.300075197324026,20.0
AGO,5.600000000000001,3.7868852459016393,7.231054695245094,7.400881057268721,6.569194030574673,4.834911347611004,4.636359965434532,7.023085132408503,9.525760861131868,5.544801341345189,4.981333307291699,3.333333333333333,,2.462744827586207,5.722222222222223,9.97,5.862068965517241,5.809179904636308,24.0
ALB,0.0,1.9344262295081966,0.24322913012571767,0.0,,0.8069195494487915,2.7472925062387445,0.5847305447355479,1.2999873411001808,0.07811992811894264,0.7588116015340027,,0.7617700476395367,0.18965515517241377,0.0,7.539999999999999,0.1724137931034484,1.383876899867969,135.0
AND,0.0,,,0.0,,0.1263530276885831,,,,0.0,1.7763568394002505e-15,,,,0.0,8.78,0.0,2.2265882569221462,110.0
ARE,0.3999999999999986,,,0.0,,0.3574707606681733,,,,0.10186283087115733,1.7763568394002505e-15,,2.4122364646509995,,0.0,9.98,0.3448275862068968,2.5973691074612955,88.0
ARG,3.6000000000000014,2.540983606557377,2.340209963820156,0.10279001468428817,,0.8359911246100992,,,1.9742166795297422,0.5777457035091782,0.14904329009066686,0.2564102564102564,5.910230536209904,0.023943810344827593,0.0,1.2200000000000006,3.9655172413793105,1.4953577356996826,131.0
ARM,0.1999999999999993,0.8688524590163933,0.31315480596913403,0.02936857562408335,0.5808686154243041,0.8432091438197818,2.137518877752922,0.14749039306967404,1.0519545749672299,0.7067041652339761,0.010638883277819033,0.7948717948717947,2.551699588173305,0.0,0.0,6.82,0.6896551724137936,1.1958568309563482,145.0
ATG,0.0,,,0.14684287812040964,,0.7890475767568909,,,,0.043983818054853074,0.16749002895810428,,,,0.0,,0.0,0.31049840659782396,170.0
AUS,1.0,,,0.22026431718061446,,0.23770226623434634,,,0.42425690216303846,0.0,0.0047208765034234546,,0.6382778569271684,,0.0,0.0,0.862068965517242,0.3038634640417882,171.0
AUT,0.6000000000000014,,,0.19089574155653466,,0.20889941979908164,,,,0.003112102034306119,4.36145040083602e-07,,1.2598979347630528,,0.0,0.0,2.2413793103448265,0.44568447732542965,163.0
AZE,6.600000000000001,2.4590163934426226,,0.02936857562408335,0.41923634420147415,1.6839825114808882,1.1440039411094869,,1.1836275506662257,0.1139521521593192,0.3594472576578376,1.051282051282051,3.6365023161235577,,0.0,8.97,8.103448275862068,3.027171322866532,72.0
BDI,1.8000000000000007,3.1147540983606556,8.865509459515486,3.6417033773861958,9.754197100103934,4.638236581900261,2.7085274948919023,3.0021791880282422,9.999999999999998,6.176327755331023,5.298758874342775,10.0,9.770405819541526,4.896551724137931,9.966666666666667,7.98,1.5517241379310356,6.028796299384885,22.0
BEL,0.0,0.01639344262295082,,,,0.24932533257108422,,,0.3245986924581542,0.057314397758819524,1.7763568394002505e-15,,0.5817899202045632,,0.0,0.0,0.1724137931034484,0.1797479787291399,183.0
BEN,4.4,4.508196721311475,9.272730060335846,2.819383259911894,9.076803799541713,7.442741116324317,5.643232678904566,9.473742434953682,6.573337906871333,8.673477547350751,4.728514281156647,4.846153846153845,5.555379365619852,6.965517586206897,4.833333333333334,8.8,6.0344827586206895,6.6634781373988785,14.0
BFA,0.6000000000000014,8.409836065573769,,0.6167400881057254,7.7213521390204995,7.457011895417321,4.942005927816319,,3.780968365001,7.608424341762678,7.774004692639512,5.0256410256410255,7.459072715357725,,8.944444444444445,9.13,1.2068965517241388,6.5240844235715105,17.0
BGD,0.0,7.737704918032787,4.010044164973738,4.449339207048458,2.935817807648606,2.961126530266969,3.2443407121455627,,4.9143074152568325,3.6124498905281257,0.18928538121293315,2.102564102564102,5.075789602179273,2.0689655172413794,0.06666666666666643,5.55,0.1724137931034484,3.5209724965094202,62.0
BGR,0.3999999999999986,,,0.8516886930983851,,0.45330969930089293,,,0.9195261487951587,1.553222331339489,0.12667376732384739,,1.5984946803042734,,0.0,3.8999999999999995,0.6896551724137936,1.3661024240183395,138.0
BHR,0.1999999999999993,,,0.08810572687224649,-1.7763568394002505e-15,0.7603191207080792,,,0.7353187388468967,0.0,0.012453773976817573,,2.8595472636975683,,0.0,9.24,0.3448275862068968,2.2929282849191,107.0
BHS,0.0,,,0.04405286343612147,,1.124311522857767,,,,0.7016728465651134,0.16398649049673963,,,,0.0,9.87,1.3793103448275872,2.945745498363655,74.0
BIH,1.4000000000000021,,,0.014684287812038122,0.28530690719252405,0.571716836771212,,,1.4073429785982923,0.5148171072382208,0.6083286819477394,,,,0.0,8.54,3.275862068965517,2.432236127338011,99.0
BLR,0.0,0.7704918032786885,0.11416171074989911,0.014684287812038122,,0.10854903908734612,0.0,,0.025399469959614035,0.028183943647437815,0.016714899294614227,0.7948717948717947,,0.0,0.0,,0.0,0.16452198699023,184.0
BLZ,1.8000000000000007,5.491803278688524,4.512727449580473,0.748898678414097,1.0116364400220306,1.1542985307154021,1.408526687287499,1.9124551851534783,2.177330768885241,1.7512086906918238,0.801116875141858,,,1.4137930689655174,0.15555555555555678,9.7,1.724137931034484,2.786236252268043,81.0
BOL,6.600000000000001,2.3770491803278686,1.9300871654354186,0.36710719530102764,7.600126863990564,1.4621095498500132,1.240060408809349,,1.981158656849894,3.1699415963779254,1.0280457820114943,3.2307692307692304,,0.5472548275862069,0.011111111111111072,3.7199999999999998,6.724137931034483,2.5990847273658066,87.0
BRA,1.4000000000000021,,1.7251191054317339,0.23494860499265613,,1.3122737532631674,1.1679413356161619,,1.6062102112402863,0.8476725202457978,1.970963996456021e-07,0.28205128205128205,4.620827524285557,0.0004963793103448522,0.0,3.4099999999999993,1.2068965517241388,1.37731135137174,137.0
BRB,0.8000000000000007,,,0.10279001468428817,1.201109311628274,0.8612939272639973,,,0.9688754405092961,0.21279441616901984,0.13019013935606338,,,,0.0,8.69,0.6896551724137936,2.28659572405312,108.0
BRN,0.0,,,0.058737151248163144,,0.8795131318547063,,,1.8212481675221632,0.0,1.7763568394002505e-15,,,,0.0,,0.0,0.6788613967972278,160.0
BTN,0.0,1.4754098360655736,,0.22026431718061446,0.5703574950355605,1.61092089079362,7.4580005330189065,,3.4406685532510908,1.4678220613748465,0.07049602181088943,,,,0.0,9.6,0.0,3.148937201449407,69.0
BWA,0.0,,0.948244242448693,0.02936857562408335,,3.246079685166685,,,4.075736972562856,3.110646342196806,1.2793547985758256,,,0.568965551724138,2.677777777777777,9.77,0.5172413793103452,3.4752531763967203,64.0
CAF,9.200000000000001,10.0,10.0,8.766519823788546,8.082106176086805,8.95967519628823,,,7.743142755638314,9.589639507765783,9.872095298690589,6.64102564102564,,3.993044827586207,9.366666666666667,9.51,9.655172413793103,8.565460462829847,1.0
CAN,1.1999999999999993,,,0.3230543318649026,,0.42205669054119754,,,,0.1575279525064328,0.265823277567117,,0.13703762857537471,,0.0,0.0,1.0344827586206904,0.28203084135494905,173.0
CHE,0.1999999999999993,,,,,0.26393340751790884,,,,0.011169847953317102,5.003215779453285e-07,,,,0.0,0.0,0.3448275862068968,0.11278194426441376,189.0
CHL,0.0,0.0,0.47972412911595264,0.08810572687224649,,0.5563408817855433,,,0.13994209574211777,4.909790956020288e-07,0.14285731196707907,,2.546361019736842,0.0,0.0,4.25,0.5172413793103452,0.8825348150234278,154.0
CHN,0.1999999999999993,0.4590163934426229,0.7540259551263819,0.014684287812038122,0.2847584899038704,0.4521364650029568,1.4586789207174757,,0.7149828288149228,0.30433420554890844,0.6028710938703217,,1.6000000803094103,0.39655172413793105,0.0,9.71,0.1724137931034484,1.8741341099627988,117.0
CIV,3.6000000000000014,4.229508196721311,8.168607544847681,2.3348017621145383,8.123518922984331,6.401813406376061,4.821430590439579,,3.9298125257771948,6.6478597407784825,3.5375345375118386,3.0769230769230766,8.093202289782063,5.436891379310344,3.288888888888888,9.05,3.6206896551724137,5.718231021369836,25.0
CMR,3.1999999999999993,4.885245901639344,5.983898041708406,4.552129221732746,6.479395163188958,6.438935680322579,4.284858225047043,3.597963603801676,5.345832976025678,5.904250859200444,4.445028971383445,,7.256064967105263,3.122334655172414,3.222222222222223,9.07,3.6206896551724137,5.312275258823896,29.0
COD,3.1999999999999993,4.9016393442622945,5.1883546555113895,2.2026431718061668,8.400784262115872,8.954646992351295,4.513442575288921,,8.788175770865745,9.33674229124973,10.0,2.7948717948717947,9.852789627878282,2.7132655172413793,8.722222222222221,9.25,5.689655172413793,6.974474380181681,9.0
COG,3.1999999999999993,4.475409836065573,5.650846222567034,0.8223201174743018,5.397314581253988,3.8335739127431125,,,3.11210885020438,8.86246858163664,4.121912298723988,3.3589743589743586,7.054106862921463,1.0207546206896554,5.488888888888889,,3.4482758620689653,4.134202300028847,50.0
COL,1.8000000000000007,3.836065573770491,2.5354105404255627,0.3230543318649026,3.080563251222026,1.041253918846744,,,2.154953100817928,0.3812915911783712,0.4514132987700492,0.4871794871794871,5.090204339278368,0.4482758448275862,0.0,6.609999999999999,1.5517241379310356,2.411749112784186,101.0
COM,3.6000000000000014,3.393442622950819,,0.4111600587371491,6.793636406004192,3.8195002270495526,5.439619456805279,,3.3521175072584493,4.771957008311945,2.3237544231051572,2.0769230769230766,,,1.1222222222222218,10.0,3.9655172413793105,4.6425098420128,39.0
CPV,1.0,1.3770491803278688,,0.23494860499265613,4.075773356735756,1.0005853124530601,,,0.8735661754196833,1.8821562955723348,1.2002602787103278,,,,0.32222222222222285,5.7700000000000005,0.862068965517242,2.002012321120519,114.0
CRI,0.0,2.8032786885245904,3.0743496449220746,0.1615271659324513,1.459033814811857,0.9263872971879663,0.2963908159227285,0.0,1.9646816695047102,0.13511027741109594,0.02869893747836727,0.7179487179487178,3.2656912552682944,0.2737763793103448,0.0,5.579999999999999,0.0,1.3419246387174473,139.0
CUB,0.0,4.819672131147541,0.6521262947085162,0.02936857562408335,0.6878438450623019,0.7393019200180722,1.3337909758284003,,1.2859808809777569,0.5833909248229876,0.7546169594729157,,,0.21277118965517244,0.0,9.98,0.0,2.5662763964918036,90.0
CYP,0.0,,,0.014684287812038122,,0.37671167724180377,,,,0.05826756644338893,0.04336086322474664,,0.7631218558863578,,0.0,0.0,0.6896551724137936,0.27334652260373743,174.0
CZE,0.1999999999999993,,,0.02936857562408335,,0.13513542276999,,,0.28039463099307027,0.10373961878209315,0.196809458550824,,1.1796429282740526,,0.0,8.37,2.068965517241378,1.7816718406533225,120.0
DEU,0.1999999999999993,,,0.528634361233479,,0.24829781905860057,,,0.245235557624537,0.08623688489198678,1.7763568394002505e-15,,1.3094634005897894,,0.0,0.0,1.5517241379310356,0.4027008074183416,165.0
DJI,3.1999999999999993,1.0655737704918031,,,5.131756811860406,4.8205290249820285,,,4.064017281440011,3.6786788064218676,3.1621420803403595,,,,3.8888888888888893,9.65,3.6206896551724137,4.52680647074586,43.0
DMA,0.3999999999999986,,,0.0,,3.4837732088520315,,,,2.1902136876587113,0.46715675729448947,,,,0.0,9.93,1.3793103448275872,3.796821504383882,58.0
DNK,0.1999999999999993,0.11475409836065573,,0.45521292217327414,,0.27294269746241073,,,,0.04493123682069822,3.302124085280411e-08,,0.22490411055715365,,0.0,0.0,0.3448275862068968,0.1475127780660387,186.0
DOM,0.1999999999999993,5.163934426229508,2.635909427535676,0.014684287812038122,5.361190085588563,2.9748839791164934,1.0726440160551756,,0.9407604323626817,1.1021781367198713,0.3953550726407844,0.7179487179487178,7.865037616930504,0.40712446551724146,0.21111111111111214,3.1799999999999997,1.8965517241379288,2.3721970701653357,103.0
DZA,0.0,0.6229508196721311,3.5295277380933907,0.17621145374449299,1.5700291252553171,2.064073541869987,2.5261219644169506,,1.6161331552920326,1.5721949156579722,1.178503082070618,0.3846153846153846,,0.5390963965517241,0.0,2.7699999999999996,1.0344827586206904,1.598030314087151,126.0
ECU,4.800000000000001,3.6393442622950816,1.0967647140576826,0.4111600587371491,0.839686103379023,1.177228234190347,0.25079347132600566,,3.4065303589002274,0.9811954518047514,1.2327886873215288,,6.624960648386094,0.8620689655172414,0.0,7.08,4.827586206896551,2.8734394049755823,77.0
EGY,0.0,2.5901639344262293,,0.4258443465491908,0.801544027487207,2.1383644476462864,3.4063461553992394,,2.434020589088028,0.3250553804471483,0.4200582322926998,2.6666666666666665,5.591502540989926,,0.0,7.609999999999999,0.1724137931034484,3.079083249011686,71.0
ERI,0.1999999999999993,,,,,3.3458961921403674,,,9.581929624684037,9.823493204561276,7.4862097725751955,,,,4.955555555555556,8.98,0.5172413793103452,6.490721923402921,18.0
ESP,0.0,,,0.014684287812038122,,0.19579700411355397,,,,0.009134203225599435,0.011707315597535128,,0.4526400315134147,,0.0,4.47,0.6896551724137936,1.0609885320189987,150.0
EST,3.1999999999999993,,,0.014684287812038122,,0.076573939028585,,,0.05655669757888335,0.10915680189952681,4.6312483270583016e-07,,,,0.0,0.0,2.93103448275862,0.34482779235246247,168.0
ETH,3.400000000000002,6.606557377049179,8.995071565166697,7.37151248164464,9.806987699563543,4.379657221580979,7.242951632572301,10.0,7.045964056891545,10.0,6.903742244737071,,9.198909558747935,5.129310344827586,5.0,9.55,4.310344827586207,7.086306272621534,8.0
FIN,0.1999999999999993,0.01639344262295082,,0.07342143906020482,,0.11069210695081352,,,0.13783908496571887,0.061584160815435496,5.135567118230711e-07,,0.18748705010665057,,0.0,0.0,1.2068965517241388,0.12189764564689902,188.0
FJI,0.6000000000000014,0.6557377049180327,,0.02936857562408335,1.3922666937899244,2.8219048727976435,1.0746145707986399,,1.2641953227406926,0.8082915948440519,0.6902525000848865,4.025641025641025,,,0.8888888888888893,8.92,0.6896551724137936,2.7945968233863585,80.0
FRA,0.0,,,0.35242290748898597,,0.3122323558942842,,,,0.15122594159905667,3.924218443529526e-07,,0.3828149092824832,,0.0,0.0,0.3448275862068968,0.18899461112223773,181.0
FSM,0.3999999999999986,,,,,2.1432703681939795,,,,1.0649103480305904,1.573112559079437,,,,1.6333333333333346,9.32,3.793103448275862,3.6811068539046814,60.0
GAB,7.200000000000001,2.180327868852459,,0.7048458149779719,5.398826018391317,3.176746778780495,4.211931547450797,,2.597463319816895,4.752054144241121,1.7725031660023802,2.769230769230769,2.9134274532920417,,0.7222222222222232,6.3,6.379310344827586,3.713672384257126,59.0
GBR,1.1999999999999993,0.0,,,,0.3464069044198308,,,0.5070297729156713,0.10010220423775174,1.335207482355827e-07,,0.04146350057501469,,0.0,0.0,1.0344827586206904,0.24139699042809476,178.0
GEO,0.6000000000000014,1.540983606557377,0.23991781672942913,0.02936857562408335,0.8586099539169361,0.7429385287774656,1.0389507603595456,,0.7565734399947731,1.0396113743363156,0.42133717236214885,0.15384615384615385,1.1080394544099472,0.03448275862068964,0.0,6.98,2.068965517241378,1.6252426489282732,124.0
GHA,0.0,2.639344262295082,5.983929002442962,1.8208516886931,5.67874174223457,3.5059692327728356,3.264676191014594,,2.971227545766006,7.632677196308353,1.5668845765399535,4.897435897435898,,1.0443737586206896,1.6555555555555568,6.96,0.5172413793103452,3.8320441746396896,57.0
GIN,4.200000000000001,7.6229508196721305,8.500056260567279,6.563876651982379,8.267073366236795,9.204440129795454,8.583607245826705,6.059525276721038,5.22861564721688,7.513236162341301,4.012447452169431,5.948717948717948,8.386823955335105,7.8383294827586205,5.811111111111112,9.379999999999999,6.0344827586206895,7.301119779395838,7.0
GMB,3.1999999999999993,3.7868852459016393,,2.3788546255506597,9.066488529055352,4.16725119219333,5.202894454180565,2.2598914642857797,2.6485481058610705,5.781742176711995,2.005098397920049,4.076923076923076,,,3.844444444444445,8.89,3.1034482758620685,4.3915475950215805,46.0
GNB,4.800000000000001,4.21311475409836,9.453867380184786,6.784140969162995,8.357924087813444,6.691947774849443,8.336318777609977,,5.572366030046511,7.926884326981119,5.937982782682598,7.564102564102563,,3.839494827586207,6.955555555555556,,5.1724137931034475,6.586200764490812,16.0
GNQ,4.600000000000001,,,,7.8936419111311285,6.756043582014607,,,3.2915385463499485,3.7579602945501307,5.493615500684269,,,,3.666666666666668,9.86,5.1724137931034475,6.02046963674862,23.0
GRC,0.0,,,0.04405286343612147,,0.25971656484074246,,,0.19366074965188027,0.11074426700238504,1.7763568394002505e-15,,,,0.0,5.109999999999999,0.5172413793103452,1.1518146017360864,147.0
GRD,1.0,,,0.0,,1.6913787158409408,,,,0.8233570379618929,0.6796396251036381,,,,0.6444444444444439,,0.862068965517242,1.023168466621376,151.0
GTM,2.400000000000002,4.836065573770491,5.890293801719207,0.5873715124816457,2.4201644548054775,1.9494553921924513,1.3217253660466957,,8.894918880953256,3.216150295042758,1.059640367838563,,7.949072586862663,4.77586224137931,0.10000000000000142,9.72,2.93103448275862,4.507929405355568,45.0
GUY,0.0,5.295081967213114,1.8902196787502774,0.2936857562408228,1.7238078705476099,2.4255747148530773,2.964441178133304,,1.2388979406828455,0.9695512059897204,0.6772120681360843,1.3846153846153846,,0.7142212413793104,0.7777777777777786,,0.0,1.760117168105997,121.0
HND,4.600000000000001,5.573770491803279,5.211248462145471,0.8663729809104268,1.564937365474698,1.3870183444513093,1.415100587128401,,3.441934443233001,1.3752671879925575,0.6639799013464724,7.128205128205128,8.03069506193462,4.823398275862069,0.6222222222222218,8.129999999999999,3.9655172413793105,4.004746742716595,54.0
HRV,0.0,,,0.014684287812038122,,0.4442824100498487,,,,0.4692317667637198,0.015052991996746812,,0.09374149222122946,,0.0,5.43,1.0344827586206904,1.2944916086518987,143.0
HTI,4.4,2.442622950819672,7.3972748818428125,3.5829662261380326,8.053763058072349,5.215021261974104,4.911413873028436,5.830541657153194,4.19185175203257,7.908308460572756,4.148758499756628,,,0.9074098448275861,5.633333333333335,9.59,6.551724137931035,5.116786592531512,32.0
HUN,0.0,,,0.19089574155653466,,0.24785567540597328,,,,0.22605096808578473,1.7763568394002505e-15,,0.6479674891421664,,0.0,0.0,0.0,0.2113145167960333,180.0
IDN,3.0,2.6721311475409837,1.339166701311843,0.4698972099853158,2.1060683878566975,1.6638493312915548,1.7808000129216706,,4.413668344991772,1.3159896514151477,1.708873298135332,,5.24450041118421,0.7761677413793103,0.0,5.64,3.4482758620689653,2.7094780937471916,84.0
IND,0.3999999999999986,3.819672131147541,2.160967989308105,1.556534508076357,1.073763732290935,2.564336525487005,6.312995162449626,8.161747997384559,6.509941319874064,1.8539384881709857,0.6647004238670053,,5.586374784770758,1.0726946724137933,0.08888888888888857,4.81,0.6896551724137936,3.443228652729613,65.0
IRL,1.0,,,0.07342143906020482,,0.26364073121278464,,,0.2320253831358953,1.1461548553440846,0.45118590088745236,,0.0,,0.0,0.0,1.0344827586206904,0.303552090314112,172.0
IRN,0.0,,,0.14684287812040964,,1.019319845017662,,,0.7769706027678073,1.0644209250264094,0.3339524044390618,,4.056452700966274,,0.0,1.3099999999999987,0.0,1.3164400888357635,140.0
IRQ,0.1999999999999993,4.573770491803278,6.100750023223408,0.5873715124816457,0.27132777170304756,2.0844874116651666,2.128570620967026,2.915424748314035,1.7135454311580445,0.16680171399182697,0.24756527824794716,0.8974358974358974,,3.4655172413793105,0.0,7.64,1.3793103448275872,2.5103185749210355,94.0
ISL,0.0,,,0.35242290748898597,,0.1580095550272226,,,,0.13631939316832664,1.7763568394002505e-15,,,,0.0,2.5299999999999994,0.6896551724137936,0.7541721928967703,158.0
ISR,0.0,0.13114754098360656,,0.07342143906020482,,0.21066467045266815,,,,0.008915636495482104,1.0756155255364774e-07,,1.199917441920221,,0.0,0.0,0.0,0.2607571475250107,176.0
ITA,0.8000000000000007,,,0.014684287812038122,,0.14604250484158096,,,,0.012839438895063893,0.012899204250736318,,0.2628163789447978,,0.0,0.0,0.6896551724137936,0.1595626140831474,185.0
JAM,0.0,4.40983606557377,,0.17621145374449299,3.0859942505452143,1.6745611739316346,1.3022297957568467,,1.1913453960398062,0.9341060783324302,1.9347016815758593,0.6666666666666666,,,0.0,6.49,0.0,2.3297645004784675,104.0
JOR,0.1999999999999993,1.6229508196721312,1.4635665900222836,0.014684287812038122,,1.1828573718143716,2.9852127633799865,,1.3554823245006882,0.39994623122978545,0.11099287696295157,0.17948717948717946,6.236426504034736,0.7413793448275863,0.0,8.64,0.3448275862068968,2.300508892985286,106.0
JPN,0.0,,,0.02936857562408335,,0.1189214626785711,,,0.8466762220942721,0.006323977761379496,0.12699771755647404,,0.06263446807861262,,0.0,1.459999999999999,0.0,0.4270391907360671,164.0
KAZ,0.0,0.9999999999999999,0.011425310775228681,0.014684287812038122,0.10314297184434018,0.8281462003612082,1.6648441727304297,,0.6966478416575808,0.22927324474029653,0.3368148355730938,1.6666666666666665,0.7805215935958,0.0,0.0,4.56,0.0,1.1989937045263537,144.0
KEN,1.4000000000000021,2.0491803278688523,,1.5712187958883987,4.426113031440003,3.806776259603918,2.428256462854236,,3.447733036053363,6.5945482166478655,5.348901000774168,,8.0301409269634,,2.666666666666666,9.68,1.2068965517241388,4.810258359582922,36.0
KGZ,1.6000000000000014,1.508196721311475,0.10282174192564497,0.02936857562408335,0.28711172412062425,1.5720555041179445,1.2546780485047204,1.2507220086623634,2.04508610093635,0.16288077279536672,0.7862325654717512,4.769230769230769,,0.06896551724137931,0.033333333333333215,8.4,2.2413793103448265,1.808571611949396,118.0
KHM,1.6000000000000014,2.934426229508196,,0.19089574155653466,1.3376443581742468,1.736929534993185,2.0184456845658727,,4.2758088424456995,1.858951703607488,2.666449885248001,,9.158247295178864,,0.8555555555555561,9.3,2.5862068965517233,4.219891931515986,49.0
KIR,0.3999999999999986,3.01639344262295,2.4797081803390366,1.1894273127753294,3.939163668933026,5.249554935919491,5.379501385041552,7.145935926095901,2.7834062240951942,6.116142011018859,3.2543685066099304,3.9743589743589736,,1.611406896551724,0.6222222222222218,9.87,0.6896551724137936,4.077399241358895,52.0
KNA,0.1999999999999993,,,0.08810572687224649,,1.4780937548746285,,,,0.5629492486988816,0.21582326575767752,,,,0.0,9.47,0.1724137931034484,2.8631524730242077,78.0
KOR,0.0,,,0.02936857562408335,,0.15560414648746249,,,0.1648719613536039,0.030191823644576843,1.7763568394002505e-15,,0.024219011005602087,,0.0,6.470000000000001,0.1724137931034484,1.1467061038084736,148.0
KWT,0.0,,,0.0,,0.693160967948415,,,0.7010172038532059,0.0,1.7763568394002505e-15,,5.061319050035978,,0.0,9.3,0.0,2.6259162036396,85.0
LAO,4.4,5.0,5.284958659365007,2.9662261380323054,3.79014623397857,2.844885658249577,3.416295841644929,6.588416337769739,5.88614340491737,1.2570615889150822,0.6431138127340361,5.666666666666667,9.970240542763158,3.2758620689655173,0.0,,5.344827586206896,4.381344669419151,47.0
LBN,2.400000000000002,0.9836065573770492,,,,1.6549533562149876,4.689096532954298,,1.8471376594102586,0.08924360130165532,1.1505218607721357,,,,0.0,6.42,8.448275862068964,2.7604419491390337,83.0
LBR,1.4000000000000021,4.081967213114754,,2.2907488986784132,10.0,8.6214034857091,6.680665142986359,,5.280884652921552,8.552304059404301,3.2917620535630974,6.871794871794871,,,7.5777777777777775,9.42,2.5862068965517233,6.7073496983931635,12.0
LBY,1.6000000000000014,0.6721311475409835,,,0.45937499999999787,0.861373833718899,,,1.6603372167571167,1.2829720314277449,0.5667806380205143,0.5384615384615384,,,3.333333333333334,4.47,2.068965517241378,1.783469372247489,119.0
LCA,0.0,,,0.0,1.319619365637605,1.6179420902347372,,,0.3625141391743947,1.8564910749551853,0.29607565983685014,,,,0.0,9.49,0.0,2.5255703192438026,93.0
LKA,0.0,1.6065573770491803,0.5318361864564203,0.07342143906020482,1.2818387699775329,0.46799412452947353,0.5856585610104748,,1.851752032570124,0.5183914557090095,1.5215116731037082,0.0,1.2427438434801577,0.0,0.0,6.39,0.1724137931034484,1.5200301277325075,130.0
LSO,2.400000000000002,2.1967213114754096,6.340667497214077,1.6446402349486036,8.24454617298075,5.944646991152621,4.865138140733143,,6.935484529599366,5.8129546884472925,3.4081883620963644,3.3076923076923075,9.884119936842104,2.2586206896551726,5.555555555555555,3.2799999999999994,2.068965517241378,4.682498273131102,38.0
LTU,1.1999999999999993,0.03278688524590164,,0.0,,0.21440309368552066,,,0.10804983523012654,0.4019794406119779,0.0127175143023468,,0.02902362221165683,,0.0,0.0,1.5517241379310356,0.18279184975901813,182.0
LUX,0.0,,,0.02936857562408335,,0.09338175866195067,,,,0.26759984900529155,1.7763568394002505e-15,,,,0.0,0.0,0.0,0.05863095676765454,191.0
LVA,0.0,,,0.22026431718061446,,0.1257279238257529,,,0.13253051407383812,0.8327973833771871,0.1908306433528093,,0.5724106838828631,,0.0,0.0,0.1724137931034484,0.24010877711974465,179.0
MAR,0.0,2.245901639344262,,1.9676945668135097,,1.4656587576635012,,,2.5857436286940505,1.363416826881572,1.2108423660322476,,5.974687676680715,,0.0,8.42,0.3448275862068968,3.2224645481563625,68.0
MDA,2.1999999999999993,,,0.058737151248163144,1.3563104983965228,1.539401339061822,,,0.6493198903984286,1.4632764148367254,1.1337434777404116,,,,0.0,7.71,2.068965517241378,2.4596847387147713,98.0
MDG,5.600000000000001,6.360655737704917,8.385675311257918,7.9588839941262846,7.965921102807158,6.192228423139417,3.6392108089773307,9.7307753432111,7.629171822105706,9.441175738051664,6.943716471275682,9.153846153846153,9.70968788548519,5.9655168965517245,7.1,7.869999999999999,6.551724137931035,7.331991646317065,6.0
MDV,0.0,0.36065573770491804,,0.014684287812038122,0.4334274068817532,0.4232532383144624,0.7235004805246199,0.8802857424745484,2.689362848987492,0.033321158907495985,0.037550810254685985,,,0.5139515344827587,0.0,9.18,0.0,1.1723151300661605,146.0
MEX,3.0,2.983606557377049,1.2795586045747882,1.8355359765051382,0.1263850106952198,1.1943151196310324,1.222002374356945,1.910439815587838,2.45868502615492,0.7818540172392971,0.07130629319796533,1.282051282051282,4.698334543328526,0.8620689655172414,0.0,7.65,3.4482758620689653,2.089309012174703,112.0
MHL,0.0,,,1.1160058737151246,1.5530044721669256,2.580958652704975,4.561365820566453,,5.907622699449134,2.347266900434012,1.952022975894094,,,,0.0,10.0,2.2413793103448265,4.121112798311886,51.0
MKD,1.0,1.2295081967213113,0.664486025586843,0.0,0.03418232103760843,0.15633117748448785,1.5770737262059553,,0.5627697672804192,0.11182373125085299,0.2818263304490394,0.4871794871794871,3.1609336451480208,0.12788758620689655,0.0,7.74,1.5517241379310356,1.7032725257934171,123.0
MLI,1.4000000000000021,7.950819672131147,7.940115038893481,5.066079295154185,8.61449277582066,7.263661903588548,6.571299354724083,5.648986528270161,4.534009563594637,5.828034675843784,2.1201697473490952,5.564102564102563,,10.0,5.222222222222223,8.43,2.7586206896551717,6.3879939832203325,19.0
MLT,0.0,,,0.02936857562408335,,0.41273102023593533,,,0.5043142347286708,0.0,1.7763568394002505e-15,,0.7537036694978315,,0.0,3.329999999999999,0.1724137931034484,0.8418657527740535,155.0
MMR,4.4,2.622950819672131,6.2821733014435495,5.844346549192363,2.638332004341164,3.612704673196563,5.386882889285513,6.082396226823522,4.7892497355923345,2.8799444473354,2.2253049041335515,2.282051282051282,9.101888556229431,2.6724137931034484,2.9222222222222225,9.79,4.655172413793102,4.592132064058055,42.0
MNE,1.1999999999999993,0.9508196721311475,0.5856244648205688,0.17621145374449299,0.07898482465668089,0.11381132904544955,1.088214628946157,,1.4241874823898368,0.23993951509065958,0.11192117892881548,1.7179487179487178,1.3485539084986629,0.04975896551724138,0.0,5.67,2.93103448275862,1.465162240435719,132.0
MNG,0.1999999999999993,1.3278688524590163,,0.0,1.4164404449241168,1.2311495614884955,1.3798567309788974,3.4925642081895525,1.2313230183717387,2.869109239314276,2.162257307367886,2.743589743589743,,0.5862069137931034,0.0,0.0,0.3448275862068968,1.312919092261413,141.0
MOZ,1.6000000000000014,7.934426229508196,,4.772393538913362,8.769402336346834,5.890067177771377,4.8095749578026705,,7.350206421737372,6.850552966989101,5.18897111100793,,,,7.4222222222222225,9.99,4.827586206896551,6.914373898973153,10.0
MRT,0.6000000000000014,6.0,6.152355398431923,4.3465491923641695,6.176665256720279,3.610817666494644,5.988612777916866,8.786836174901989,4.17792696223156,4.609775562083045,3.531690235455512,3.333333333333333,,6.9014844827586215,5.666666666666668,9.51,2.068965517241378,5.282763989538494,30.0
MUS,0.1999999999999993,,,0.02936857562408335,,1.4287425042122586,,,1.3818414207369112,0.29297122426205036,0.011420355755600298,,,,0.0,8.92,0.862068965517242,2.4311278200486655,100.0
MWI,0.8000000000000007,6.344262295081967,8.865509459515486,0.5433186490455206,8.812238717390592,4.812941237248025,3.9332918763073104,3.1131778899899194,6.5606585894718785,5.6633756187116076,4.189520538195932,3.333333333333333,,1.2007951724137933,9.555555555555555,6.6899999999999995,1.2068965517241388,4.868801408450317,34.0
MYS,1.0,,,0.02936857562408335,,0.7139038692237142,,,4.75745956298211,0.4439869868802315,0.31989704121458296,,4.107961554276315,,0.0,9.84,0.862068965517242,3.3790210643024796,66.0
NAM,3.8000000000000007,,,0.5433186490455206,5.770843467941756,3.868890831771596,,,3.143449836046829,6.835736122648557,2.097566493242679,,,,4.866666666666667,6.129999999999999,4.137931034482759,4.276140356662299,48.0
NER,0.6000000000000014,,,8.267254038179146,8.174384901666121,10.0,5.048448188139521,,9.65090021111778,9.333090508458781,7.240907960248244,10.0,9.203875893040705,,8.944444444444445,9.58,2.068965517241378,8.479025316584758,2.0
NGA,5.4,5.475409836065573,4.249961181979396,7.973568281938325,7.155219543191119,10.0,6.90613214023243,6.731116794840654,6.694679586911514,5.811773446793875,2.759869738017633,7.82051282051282,,4.413793103448277,4.388888888888889,8.95,5.344827586206896,6.662844499607819,15.0
NLD,1.4000000000000021,,,,,0.2659105190152954,,,0.12487392144131784,0.2614091268655869,1.7763568394002505e-15,,0.15698673850611577,,0.0,0.0,1.2068965517241388,0.2579068766061506,177.0
NOR,0.0,0.0,,0.13215859030837152,,0.1243559542524271,,,,0.21786038434167132,1.7763568394002505e-15,,0.13621877369127683,,0.0,0.0,0.1724137931034484,0.07427466932791592,190.0
NPL,0.0,5.721311475409835,3.050802578213471,2.922173274596182,3.3087155683101566,2.4162094529455787,1.0889253208208491,4.086733554491884,5.10572223106984,1.558864770589544,0.9888075111621042,2.3076923076923075,,0.5732544482758621,0.9666666666666668,7.25,0.1724137931034484,2.8536961611254448,79.0
NRU,0.0,2.983606557377049,,0.2936857562408228,0.9596378131385546,0.7091202911534611,1.777504986957189,,3.06443380007922,3.1992564771885608,0.335367498627809,0.02564102564102566,,,0.0,3.3999999999999995,0.0,1.6010370297043137,125.0
NZL,0.8000000000000007,,,0.5433186490455206,,0.35232430979409124,,,,0.0,1.7763568394002505e-15,,0.8275105325799156,,0.0,2.009999999999999,1.5517241379310356,0.7827191078236291,157.0
OMN,0.0,,,0.014684287812038122,0.27083333333333215,0.9139233822358463,,,2.4282424138480194,0.07575298843170941,1.1396045418312841,,3.9593433580900417,,0.0,9.87,0.0,2.9450961967765044,75.0
PAK,0.8000000000000007,3.0,5.736902212622034,4.698972099853157,1.5868060784658784,5.539750580965952,6.017137365432917,7.0468078079838765,6.6459632401883315,3.136593535229413,1.4469679311654904,,8.057184319747115,4.4704155172413795,0.5555555555555554,9.48,1.8965517241379288,4.752490166306516,37.0
PAN,1.4000000000000021,,,0.6314243759177671,,1.4195850245652193,,,2.6509573803427697,1.2210710850184352,0.7365168489974128,0.33333333333333326,7.948695935701062,,0.5555555555555554,2.329999999999999,4.482758620689654,2.489828611284436,96.0
PER,3.0,2.934426229508196,,0.8370044052863435,,1.179378912253462,0.17539552425639826,,1.9595772744163635,2.3679446871339467,0.6783286615570905,3.4615384615384612,4.3623625102796,,0.4222222222222225,8.56,3.1034482758620685,3.1044307953687067,70.0
PHL,3.1999999999999993,1.540983606557377,2.133972742192146,1.5271659324522773,0.2818774963360564,2.551747704933229,2.73467772546296,,5.448165888756855,1.4331697042382778,0.6437913774913504,,9.254027517218336,0.5695985862068966,0.5777777777777775,9.01,4.655172413793102,3.4937611367858077,63.0
PLW,0.0,,,0.07342143906020482,,2.042341395265708,,,,0.10878035017021936,0.0727242769729699,,,,0.0,,0.1724137931034484,0.731517505626072,159.0
PNG,9.8,4.475409836065573,,6.402349486049926,6.726473119174507,3.861005583538633,4.00600857675876,7.336115455249441,9.509324708947391,8.525626508106985,7.260961363491134,,,,9.0,10.0,9.655172413793103,6.663478988105606,13.0
POL,0.0,,,0.058737151248163144,,0.2999305505351657,,,0.0,0.11644360596316972,1.5354082227256214,,0.2684923975091231,,0.0,0.0,0.6896551724137936,0.2635744905506956,175.0
PRK,0.0,0.01639344262295082,0.0,0.07342143906020482,,1.5602502057589263,,,3.184509590137491,1.6935700558094062,0.946705707991832,0.846153846153846,,0.0,5.033333333333333,,0.0,1.2954766692139699,142.0
PRT,0.0,,,0.20558002936857633,,0.19940277464394326,,,0.4345473626611458,0.03801982853844699,0.11075915780235235,,0.5239706039428705,,0.0,0.8499999999999996,0.0,0.3556175402934172,167.0
PRY,3.1999999999999993,3.540983606557377,2.2620761516853456,0.2643171806167395,2.067389208058242,1.5240638681389354,0.7138899881282152,1.260098059382126,0.44467448251642594,0.45349596983512086,0.06163133148195321,4.333333333333332,7.867790623715042,1.1551723793103448,0.0,7.89,3.1034482758620685,2.411430503130389,102.0
PSE,2.0,2.1967213114754096,1.57232239657381,0.04405286343612147,0.5298654421117739,3.70612738004198,1.8936061959409802,,1.4235545373988818,0.0674885850002429,0.19096993101829796,1.6153846153846152,,0.4909522413793104,0.0,,1.724137931034484,1.5845367300743733,127.0
QAT,0.0,0.2786885245901639,,0.0,-1.7763568394002505e-15,0.4684917241505048,1.6344782471754036,,0.9021712054947792,0.007078681553815969,0.0017145664886175638,,1.9009341189735784,,0.0,9.87,0.3448275862068968,1.9822252961831246,115.0
ROU,3.8000000000000007,1.1311475409836065,,0.23494860499265613,,0.6128544115582077,,,1.2162752616512922,1.0551537326874723,8.942992835159203e-08,,,1.5517241379310347,0.0,0.0,3.275862068965517,0.981040133096055,152.0
RUS,0.1999999999999993,1.0163934426229508,,0.04405286343612147,,0.39633624466736883,,,,0.868163111116024,0.4819347004441976,,0.08044709657367893,,0.0,0.0,0.1724137931034484,0.37872372562983364,166.0
RWA,0.0,0.901639344262295,8.214305931792268,0.8516886930983851,8.494376885416084,3.6942321925205683,1.8138633371829143,,5.873116988651909,2.0826408452727945,6.00258722763378,1.487179487179487,,4.275861896551724,5.488888888888889,9.48,0.0,4.50984215241932,44.0
SAU,0.1999999999999993,0.5573770491803278,,0.058737151248163144,0.1634994548535893,0.47583207689922524,,,2.066687900950234,0.26689432787684986,0.14913534342028179,,3.0953240645559155,,0.0,6.98,0.1724137931034484,1.9251693147224542,116.0
SDN,10.0,,,,9.295564377461906,6.111252767483144,,,7.015950213772067,3.825360419855514,5.45849347904867,4.41025641025641,,,4.088888888888889,9.19,10.0,6.8250380744327686,11.0
SEN,0.3999999999999986,4.950819672131147,8.084655856526265,0.9544787077826733,7.614248542092392,3.572018649712355,4.904258498017331,5.0901730351547245,3.2974800622327844,4.181107870795778,1.8589374990433285,5.589743589743589,6.901918913188726,6.600550344827586,3.5666666666666664,7.289999999999999,1.2068965517241388,4.63034374791241,41.0
SGP,0.0,0.01639344262295082,,0.07342143906020482,,0.1438778169130869,,,0.3601865350141086,0.0,1.7763568394002505e-15,,0.03894851082249684,,0.0,7.22,0.1724137931034484,1.1201235876305082,149.0
SLB,1.4000000000000021,3.4918032786885242,,2.026431718061672,6.392042387204226,1.8993086458183068,,,5.878017207936721,7.290190009511826,4.414112096020149,,,,2.666666666666666,,1.8965517241379288,3.859731298114437,56.0
SLE,1.1999999999999993,4.852459016393443,6.352091894019281,1.9236417033773847,8.464571362088822,9.037839990228743,7.321046978348126,5.477698335371637,4.9362767317170775,8.37622188803381,4.962943368671461,6.205128205128204,,3.103448275862069,7.844444444444445,9.92,1.2068965517241388,6.204796084257121,21.0
SLV,0.0,3.2295081967213113,,0.27900146842878115,1.2248781735262178,0.8899653799898848,,,1.7159138704790373,1.3340673064167543,1.3028893990191683,1.5128205128205128,6.955118279708053,,0.0,9.95,0.5172413793103452,3.3383572699814357,67.0
SOM,4.0,,,10.0,8.698527231277662,10.0,10.0,,4.662231968213911,6.1960891049754325,3.8410644257957056,,,,5.677777777777779,,4.827586206896551,7.425670975239618,5.0
SRB,0.6000000000000014,0.901639344262295,0.03101785768328469,0.02936857562408335,,0.42012270010373987,0.07056847273931338,,0.7212918611441195,0.22954588198917314,0.7154408215800689,2.1794871794871793,0.6154580367238894,0.0,0.0,6.74,0.5172413793103452,1.4387505620344019,133.0
SSD,4.4,,,8.854625550660792,8.131124578776983,9.666938506176187,,,5.909623622323766,9.545915023608844,9.367511811019707,,,,10.0,8.23,4.310344827586207,7.942531038839377,4.0
STP,2.1999999999999993,4.590163934426229,4.557746185566099,0.4698972099853158,4.343084406553781,1.2451802561555476,3.416408906261357,,1.8237595299056297,5.725143766763304,3.427086544830882,2.4358974358974357,,0.9446329137931037,2.4444444444444446,8.28,1.8965517241379288,3.5229494704435784,61.0
SUR,4.600000000000001,5.9016393442622945,5.760926028944312,0.0,2.9045593534155474,1.471845850369748,3.5978291593645775,1.8338289857080898,1.4148974833290455,1.1157374946325938,0.31128622245094206,0.846153846153846,,0.9655172241379312,0.11111111111111072,4.359999999999999,4.999999999999999,2.5262686696567522,92.0
SVK,0.3999999999999986,,,0.4111600587371491,,0.5090774550378357,,,,0.2740939131034068,0.03326069341938087,,2.013139222797589,,0.0,0.0,0.3448275862068968,0.592978178466566,162.0
SVN,1.6000000000000014,,,,,0.10122059784835491,,,,0.1883979554274795,0.06614036100578602,,0.4440122403596568,,0.0,0.0,1.3793103448275872,0.33312108894010145,169.0
SWE,0.1999999999999993,,,,,0.11612258347079771,,,,0.14020301139170321,0.03719035992374664,,0.23917524438155258,,0.0,0.0,0.3448275862068968,0.1251207417824748,187.0
SWZ,1.4000000000000021,0.31147540983606553,,0.9691629955947114,6.320910976004416,4.441796558897746,2.8417176130444264,,3.6469065324006578,3.964590917749609,3.0514155220955743,3.2307692307692304,,,1.9666666666666668,8.41,2.413793103448275,4.000045963661147,55.0
SYC,0.0,,,0.02936857562408335,,1.2861032908389485,,,1.0567527063502757,0.033466350488120966,0.3533456274402589,,,,0.0,9.65,0.6896551724137936,2.473203584632577,97.0
SYR,3.400000000000002,,,,1.6143756191904597,1.7402948170933499,4.721400709076666,,4.589974151343273,0.48543694858945585,0.913266504259628,,,,1.2222222222222232,,4.310344827586207,2.594466071979828,89.0
TCA,,3.819672131147541,0.10940175486586057,0.0,0.5206092396686532,0.34362731136278934,3.2789223326845582,,0.44157101030271095,0.7638583168465356,0.1815433355873477,1.3076923076923075,,0.0,0.011111111111111072,,,0.8860804887720577,153.0
TCD,2.8000000000000007,9.934426229508196,9.894032030513621,7.753303964757708,7.680660061290243,9.722254888791534,4.430663123975353,,6.226953656176114,9.689453437639429,7.43034186290692,9.743589743589745,9.622162668328524,8.889077241379312,9.811111111111112,9.94,5.1724137931034475,8.421360130954094,3.0
TGO,0.6000000000000014,4.065573770491803,5.987416826300101,4.493392070484579,8.600457085835242,5.556839373733073,4.737035930319892,,4.480699261291943,8.34783467788665,5.474891120916693,6.64102564102564,8.279781140779189,1.9210068965517242,4.755555555555556,2.55,1.3793103448275872,4.820933392967311,35.0
THA,0.3999999999999986,2.7868852459016393,1.5528728859744838,0.058737151248163144,0.5589452897929093,0.7801712611311871,1.3885465543558144,0.8122835401713654,2.310861744396395,0.07245600764490057,1.7763568394002505e-15,,,0.4078375862068966,0.011111111111111072,6.82,1.0344827586206904,1.542829645282319,129.0
TJK,0.0,1.4426229508196722,0.6412919797999379,0.35242290748898597,2.812030769285112,2.7209431423299346,5.015174886733483,3.830768838334564,2.466933728617689,0.44781279266306484,1.6804654458325956,,,0.3086375862068966,0.0,8.44,0.1724137931034484,2.327564063914894,105.0
TKM,0.0,0.9999999999999999,0.09245720760930887,0.04405286343612147,-1.7763568394002505e-15,3.8226719468588453,1.1656477391114737,0.37713306649561085,1.109613821885196,0.02951181828485261,0.012134078616883315,0.0,,0.0,0.0,8.55,0.0,1.4278561494146547,134.0
TLS,1.8000000000000007,2.442622950819672,3.8569789774213206,4.625550660792951,7.4575489095812655,4.695355231393234,4.688305080639299,5.067582730227215,9.061220072931595,3.019133088595054,1.9699343191519603,2.102564102564102,,1.3270419137931038,0.033333333333333215,6.18,2.5862068965517233,4.06695113914814,53.0
TON,0.0,1.6557377049180326,3.3040964604877114,0.2496328928046978,1.985645120958937,0.8358863846944957,1.8714616832090967,,0.12085165811170048,0.6767504763311631,0.17749961145833737,6.435897435897436,,1.6787017241379312,0.0,10.0,0.0,2.768328525360872,82.0
TTO,1.1999999999999993,0.6885245901639344,,0.0,1.6536827970667094,1.7743064366843486,2.1782221396671058,,1.3835564974865957,0.6494627038251828,0.11655909770907513,0.846153846153846,1.8573244998329472,,0.0,8.19,1.0344827586206904,2.2478640517774093,109.0
TUN,0.1999999999999993,0.3934426229508196,2.9247047616912862,0.2936857562408228,0.7561766084337318,1.0949715545359469,1.3379259103720635,0.8700877440402875,1.6028413104819772,0.1631662041073536,0.5079729191899567,0.5641025641025641,,1.0344827586206895,0.0,7.14,0.1724137931034484,1.3815803126541246,136.0
TUR,0.0,2.4098360655737703,,0.44052863436123246,,0.8453932973219416,,,0.9153813799834207,0.08057562953144881,0.6239830778620519,1.2564102564102564,1.632535633287926,,0.0,6.26,0.0,1.7069778548389085,122.0
TUV,0.0,0.29508196721311475,2.0520534947111937,0.07342143906020482,0.6347690643340655,1.8142682053690466,2.071634510551352,,0.8648682861891401,1.1518614292696174,0.19566027009848952,0.7692307692307692,,3.729915689655172,0.0,10.0,0.6896551724137936,2.5081704721305202,95.0
TZA,2.1999999999999993,4.770491803278689,8.134333554708299,2.2026431718061668,8.597444038903067,3.6195622783590835,3.3307220790967755,4.998778432048461,5.902865403226794,7.0034628444896345,5.502920881154228,,,9.655172413793103,6.022222222222222,,2.5862068965517233,5.312536652370389,28.0
UGA,0.6000000000000014,5.573770491803279,8.555705724638678,1.7033773861967667,7.858793258150346,4.805622728764207,3.7347181056831125,4.590432088055579,4.588789931682776,8.489700661483015,5.751707299044503,10.0,,3.756142931034483,5.877777777777778,,1.2068965517241388,5.316337868246415,27.0
UKR,0.6000000000000014,,,,0.48168640721764433,0.6713154596103438,,,2.1742272966715257,0.25369429722901593,1.0138441766528832,0.7692307692307692,,,0.0,0.0,1.724137931034484,0.8287601882595524,156.0
URY,0.1999999999999993,,,0.0,,0.6266152510847157,0.47173788391494303,,1.1228852491148977,0.09473294908472418,0.057107646996580996,,4.275617499100526,,0.0,3.4400000000000004,0.6896551724137936,1.5729797346407104,128.0
USA,0.0,,,0.17621145374449299,,0.5279440443433274,,,0.650708285862459,0.04258331213586253,0.0030404333459497224,,0.7043758191560442,,0.0,1.7599999999999998,0.6896551724137936,0.6470511131070513,161.0
UZB,1.6000000000000014,0.5573770491803278,,0.14684287812040964,1.9117667607312079,1.2249604943575787,1.5997028015796744,,1.15888144327792,0.3851055464778561,0.42126404954259655,5.0256410256410255,3.0910801134611368,,0.0,4.8999999999999995,1.3793103448275872,2.1534893608065344,111.0
VCT,0.0,,,0.14684287812040964,,1.0145649481611294,,,,1.1488927863415732,0.35319368809465423,,,,0.0,9.88,0.0,2.920579726227337,76.0
VEN,6.200000000000001,,,0.19089574155653466,,2.323310732846853,,,2.1729205715289086,0.1789796065409952,1.0367739638909512,,,,0.0,,6.206896551724138,2.0633890407279756,113.0
VNM,0.0,2.393442622950819,,0.2936857562408228,1.1343726714233053,1.6217717230031465,1.1876953393149898,,3.704198262872263,0.5079046412516899,0.19259632500401302,1.5128205128205128,1.5916754070081156,,0.0,9.86,0.1724137931034484,2.600096418888518,86.0
VUT,2.0,3.426229508196721,,1.336270190895739,5.374164579516364,1.6087560131850842,3.9253935052453914,,6.128214237587132,5.821566379097557,2.0025205208340324,7.05128205128205,,,3.333333333333334,8.71,4.655172413793102,4.635821134777044,40.0
WSM,0.0,1.2131147540983607,0.3461816840110199,1.629955947136562,2.923303496344835,1.3775911908466025,3.4689678008124507,,1.5094717155259363,0.32360801217697066,0.08692207669358076,1.5641025641025639,,0.7180976034482759,0.18888888888889,10.0,2.2413793103448265,2.5591275928824198,91.0
YEM,9.0,4.852459016393443,,5.741556534508075,3.8180323678209156,3.7353935476845237,4.236838067241142,,9.47159302045433,4.118287570880519,3.8813380332453633,3.8205128205128203,,,2.666666666666666,,9.655172413793103,5.126232647541924,31.0
ZAF,4.4,0.5901639344262295,1.2963983880173604,0.48458149779735393,5.7948233837278655,3.4236386210458063,3.492582153557902,2.040045945313568,4.768832155238947,2.522858481359898,1.5249576243827523,1.6666666666666665,8.317584389134453,0.7241378965517241,1.5,3.3599999999999994,4.137931034482759,2.962904605158406,73.0
ZMB,0.8000000000000007,3.9180327868852456,5.501383447863489,0.8957415565345066,8.502146003177684,4.770656933283582,3.62050669100248,5.221756462426234,6.394847419422019,6.97479615299775,4.1337880982265744,4.538461538461537,10.0,3.8385844827586206,5.800000000000001,7.68,1.2068965517241388,5.088097853017387,33.0
ZWE,1.0,5.524590163934426,5.849408723658799,2.2613803230543317,5.988542775482076,6.421012578866083,3.8593476171632095,5.3778343395043,4.632891905246093,7.2910350583048205,5.097896914536722,6.897435897435896,,3.120689655172414,5.544444444444444,9.3,1.2068965517241388,5.333016710833894,26.0
